,GRYD_ETO_ID,Categorized_Activities
0,BVCB-0-144-1,sports
1,BVCB-0-174-1,sports
2,Southeast 3-10-24-1,volunteer
3,Southeast 3-10-18-1,art
4,Southeast 3-10-17-1,art
5,Southeast 3-10-19-1,"art, church"
6,RPARGR-PP-158-3,community
7,77th 3-20-146-1,
8,Foothill-14-192-1,
9,BVCB-0-77-1,"job, study"
10,Newton 1-17-66-1,
11,77th 2-13-1301-1,church
12,SPWTN-0-84-1,
13,Harbor-21-127-1,
14,NHSEA-0-218-3,
15,Hollywood-12-35-1,program
16,Harbor-21-128-1,
17,SPWTN-0-106-1,
18,Harbor-21-107-1,
19,RPARGR-PP-15-2,program
20,Hollywood-12-34-1,
21,Hollywood-12-36-1,
22,Southeast 1-22-17-1,church
23,Southwest 2-23-39-1,
24,Northeast-20-57-2,job
25,BVCB-0-140-2,selfimprovement
26,Southeast 1-22-33-1,volunteer
27,Southwest 1-15-244-2,program
28,Hollenbeck 1-20-4-2,program
29,Olympic-12-29-1,church
30,Southeast 1-22-31-1,sports
31,Foothill-14-227-1,
32,77th 3-20-92-1,"hygiene, read, art, program"
33,Southeast 1-22-23-1,
34,77th 3-20-39-2,
35,Harbor-21-111-1,
36,Northeast-20-25-2,
37,Northeast-20-12-2,"program, job"
38,Northeast-20-97-2,
39,Southeast 1-22-15-1,
40,Foothill-14-219-1,
41,Foothill-14-211-1,
42,Southeast 1-22-27-1,job
43,Northeast-20-98-2,selfimprovement
44,Northeast-20-1-2,
45,NHSEA-0-222-3,
46,Southeast 1-22-24-1,"school, work"
47,Hollenbeck 1-20-44-2,
48,Southeast 1-22-19-1,
49,Mission-19-96-1,job
50,Hollenbeck 2-20-30-2,job
51,Southeast 1-22-36-1,
52,Hollenbeck 1-20-2-2,study
53,Northeast-20-64-2,
54,Southeast 1-22-32-1,sports
55,Northeast-20-56-2,"sports, church"
56,Southeast 1-22-12-1,job
57,Southeast 2-20-157-1,
58,Harbor-21-137-1,
59,77th 1-16-25-1,
60,Hollenbeck 2-20-9-2,
61,Northeast-20-61-2,
62,Foothill-14-224-1,
63,Northeast-20-100-2,
64,Southeast 2-20-158-1,
65,NHSEA-0-275-2,
66,77th 1-16-97-1,
67,Harbor-21-134-1,
68,BVCB-0-235-2,study
69,FGSEARE-0-35-1,class
70,Harbor-21-112-1,
71,77th 1-16-34-1,
72,Newton 2-23-95-1,
73,Northeast-20-35-2,program
74,Northeast-20-83-2,other
75,Northeast-20-13-2,
76,Southwest 1-15-288-2,job
77,Northeast-20-10-2,
78,NHSEA-0-322-2,
79,77th 1-16-40-1,
80,77th 3-20-30-1,
81,Northeast-20-90-2,
82,SSSEARE-0-7-1,"sports, church, study"
83,FGSEARE-0-37-1,
84,BVCB-0-191-1,"volunteer, sports, church, study"
85,Southeast 1-22-40-1,
86,77th 1-16-51-1,sports
87,77th 1-16-9-1,
88,Southeast 1-22-18-1,therapy
89,Southeast 1-22-34-1,therapy
90,Southeast 1-22-3-1,church
91,Southeast 1-22-7-1,program
92,Southeast 1-22-8-1,volunteer
93,NHSEA-0-323-3,
94,Hollywood-12-41-1,community
95,Newton 2-23-15-1,"church, sports"
96,RPARGR-PP-17-3,volunteer
97,Harbor-21-110-1,
98,Harbor-21-113-1,
99,Harbor-21-108-1,
100,CPHBRE-0-43-1,
101,Harbor-21-109-1,
102,Newton 2-23-88-1,
103,Hollenbeck 2-20-27-2,
104,Mission-19-92-1,
105,Hollenbeck 1-20-27-2,program
106,BVCB-0-213-2,job
107,77th 1-16-57-1,
108,77th 1-16-56-1,"study, sports"
109,Newton 1-17-92-1,
110,Southeast 1-22-5-1,
111,Northeast-20-161-1,family
112,Newton 1-17-85-1,sports
113,77th 3-20-106-1,
114,Hollenbeck 1-20-22-2,
115,NHSEA-0-360-2,sports
116,77th 3-20-3-1,
117,NHSEA-0-348-2,"church, sports"
118,Southwest 1-15-254-1,
119,Newton 1-17-76-1,
120,Southwest 1-15-255-1,job
121,77th 3-20-87-1,selfimprovement
122,Newton 2-23-92-1,"selfimprovement, sprots"
123,77th 3-20-69-1,
124,Hollywood-12-13-1,volunteer
125,Newton 1-17-70-1,
126,Hollenbeck 2-20-1-2,"art, sports"
127,Olympic-12-50-1,art
128,Hollywood-12-8-1,community
129,Southeast 2-20-43-1,
130,Southeast 2-20-54-1,
131,Newton 2-23-73-1,
132,Hollywood-12-7-1,volunteer
133,Newton 2-23-75-1,job
134,Harbor-21-125-1,
135,77th 1-16-37-2,
136,RPARGR-PP-74-3,community
137,77th 3-20-108-1,"volunteer, art"
138,Hollywood-12-2-1,volunteer
139,Hollywood-12-9-1,sports
140,Newton 2-23-53-1,
141,Newton 2-23-37-1,
142,SSSEARE-0-39-1,
143,Newton 1-17-93-1,
144,FGSEARE-0-24-1,sports
145,Newton 2-23-61-1,selfimprovement
146,CPHBRE-0-55-1,
147,FGSEARE-0-34-1,
148,Newton 2-23-66-1,church
149,FGSEARE-0-38-1,
150,Harbor-21-136-1,
151,Newton 2-23-4-1,
152,Hollywood-12-10-1,community
153,BHSEA-2-143-2,
154,Newton 1-17-95-1,
155,Southwest 2-23-54-1,
156,77th 1-16-16-1,
157,Hollenbeck 2-20-146-2,"church, selfimprovement"
158,77th 1-16-10-1,
159,Hollywood-12-5-1,community
160,Hollywood-12-1-1,community
161,77th 1-16-17-1,
162,Southeast 1-22-44-1,
163,Devonshire-Topanga-11-25-2,job
164,Harbor-21-126-1,"volunteer, sports, selfimprovement"
165,Newton 2-23-103-1,"program, selfimprovement, sports"
166,Harbor-21-139-1,
167,77th 2-13-1302-1,
168,Southwest 1-15-256-1,"study, family"
169,77th 1-16-13-1,
170,Hollywood-12-3-1,community
171,Harbor-21-140-2,
172,NHSEA-0-217-2,sports
173,77th 1-16-46-1,
174,BVCB-0-215-3,"job, sports"
175,Devonshire-Topanga-11-8-1,
176,77th 2-13-1297-1,
177,Southwest 1-15-247-1,"sports, art"
178,Southwest 1-15-246-1,art
179,77th 2-13-1308-1,
180,77th 2-13-1307-1,
181,Hollenbeck 2-20-56-2,
182,Newton 2-23-56-1,
183,Newton 1-17-100-1,art
184,Hollenbeck 1-20-50-2,
185,CPHBRE-0-54-1,study
186,Newton 2-23-84-1,church
187,Newton 2-23-104-1,selfimprovement
188,Harbor-21-138-1,
189,Southeast 1-22-3-1,church
190,Mission-19-38-1,community
191,77th 1-16-54-1,church
192,Mission-19-82-1,
193,Mission-19-20-2,
194,77th 1-16-49-1,
195,77th 1-16-15-1,
196,Mission-19-53-1,church
197,77th 1-16-58-1,
198,77th 3-20-59-2,sports
199,RPARGR-PP-158-3,volunteer
200,Hollywood-12-14-1,community
201,CPHBRE-0-3-1,
202,Southeast 1-22-45-1,sports
203,Mission-19-51-1,church
204,Southwest 1-15-259-1,job
205,Hollenbeck 2-20-5-2,community
206,Devonshire-Topanga-11-7-1,"entertainment, therapy"
207,Hollywood-12-12-1,community
208,Southeast 1-22-6-1,volunteer
209,Mission-19-13-1,church
210,FGSEARE-0-52-1,job
211,FGSEARE-0-55-1,"art, sports"
212,Southeast 1-22-43-1,sports
213,Southeast 1-22-29-1,selfimprovement
214,Southeast 1-22-22-1,
215,CPHBRE-0-39-1,"study, selfimprovement"
216,Southeast 1-22-46-1,
217,Foothill-14-238-1,study
218,BVCB-0-226-1,study
219,RPARGR-PP-149-2,volunteer
220,Mission-19-58-1,
221,Mission-19-28-1,art
222,Hollywood-12-18-1,volunteer
223,Hollywood-12-17-1,"volunteer, community"
224,Southwest 1-15-258-1,
225,NHSEA-0-356-2,
226,Hollywood-12-16-1,community
227,Devonshire-Topanga-11-18-2,
228,Hollenbeck 1-20-49-2,
229,Newton 2-23-77-1,church
230,Foothill-14-241-1,
231,Hollywood-12-15-1,community
232,77th 2-13-1311-1,"job, study"
233,Newton 2-23-26-1,
234,Northeast-20-49-2,community
235,Newton 1-17-106-1,
236,Southwest 2-23-30-1,
237,Devonshire-Topanga-11-3-2,art
238,Devonshire-Topanga-11-4-2,church
239,Hollywood-12-4-1,volunteer
240,Devonshire-Topanga-11-33-1,
241,Southeast 3-10-108-1,
242,Devonshire-Topanga-11-15-1,"art, sports, selfimprovement, entertainment"
243,Hollywood-12-6-1,volunteer
244,Newton 2-23-67-1,"study, selfimprovement, church"
245,Southwest 1-15-262-1,job
246,Newton 1-17-108-1,
247,Newton 2-23-12-1,
248,Northeast-20-1-2,
249,Southeast 3-10-109-1,
250,Southwest 1-15-261-1,
251,SSSEARE-0-66-1,
252,Northeast-20-127-2,sports
253,Southwest 1-15-263-1,"art, study, sports, selfimprovement"
254,Southeast 1-22-9-1,
255,Newton 1-17-120-1,
256,Southwest 2-23-57-1,
257,Devonshire-Topanga-11-57-2,
258,Devonshire-Topanga-11-5-1,study
259,Foothill-14-240-1,sports
260,Southeast 3-10-66-2,
261,FGCT-0-187-2,
262,Devonshire-Topanga-11-64-1,
263,Southeast 3-10-111-1,
264,Northeast-20-106-2,sports
265,Harbor-21-141-1,
266,Northeast-20-99-2,church
267,77th 3-20-29-1,"sports, study"
268,Newton 1-17-107-1,volunteer
269,Hollenbeck 2-20-46-2,
270,Devonshire-Topanga-11-54-1,study
271,Devonshire-Topanga-11-16-1,
272,CPHBRE-0-29-1,"selfimprovement, program"
273,Devonshire-Topanga-11-47-1,art
274,Southwest 1-15-269-1,"study, job"
275,FGSEARE-0-41-1,
276,Devonshire-Topanga-11-9-2,
277,CPHBRE-0-56-1,
278,Devonshire-Topanga-11-52-1,study
279,Devonshire-Topanga-11-12-2,"study, entertainment"
280,SSSEARE-0-69-1,
281,FGSEARE-0-54-1,
282,Newton 2-23-97-1,
283,Newton 2-23-86-1,
284,Newton 1-17-118-1,volunteer
285,Northeast-20-25-2,
286,CPHBRE-0-53-2,
287,Southwest 2-23-17-1,
288,CPHBRE-0-61-1,
289,Newton 2-23-101-1,church
290,Newton 2-23-113-1,church
291,Hollenbeck 2-20-48-2,
292,Southeast 1-22-51-1,
293,BVCB-0-34-4,
294,Northeast-20-35-2,"church, job"
295,Devonshire-Topanga-11-13-1,community
296,CPHBRE-0-62-1,
297,Hollenbeck 1-20-65-2,
298,Southwest 1-15-276-1,
299,Southeast 2-20-99-1,
300,Newton 1-17-128-1,sports
301,Hollenbeck 1-20-59-2,
302,Southwest 1-15-273-1,church
303,Rampart 1-12-451-1,job
304,Newton 1-17-121-1,volunteer
305,Devonshire-Topanga-11-46-1,
306,Southeast 3-10-113-1,
307,Southwest 1-15-277-1,"church, sports"
308,CPHBRE-0-60-1,
309,BVCB-0-129-2,art
310,Southwest 2-23-62-1,
311,Southwest 1-15-280-1,job
312,Northeast-20-136-2,
313,Hollenbeck 2-20-31-2,
314,Newton 1-17-127-1,sports
315,Foothill-14-276-1,sports
316,Southeast 2-20-85-1,volunteer
317,Hollenbeck 1-20-69-2,
318,Olympic-12-27-1,art
319,Southwest 1-15-238-1,job
320,Hollenbeck 2-20-50-2,sports
321,Hollenbeck 2-20-73-2,church
322,Hollenbeck 2-20-43-2,sports
323,Northeast-20-64-2,
324,Southeast 2-20-63-1,hygiene
325,Southeast 1-22-54-1,volunteer
326,Hollenbeck 2-20-74-2,program
327,Southwest 2-23-10-1,job
328,CPHBRE-0-70-1,
329,Mission-14-131-1,
330,Newton 1-17-137-1,
331,77th 2-13-1309-1,church
332,77th 2-13-1305-1,
333,Newton 1-17-142-1,
334,Southeast 1-22-30-1,
335,RPARGR-PP-124-2,
336,Southwest 2-23-66-1,
337,FGSEARE-0-59-1,program
338,Harbor-21-155-1,
339,Northeast-20-138-2,
340,PCMCIS-0-10-3,
341,Harbor-21-150-1,
342,Pacific-18-101-1,selfimprovement
343,Hollenbeck 1-20-85-2,
344,SSSEARE-0-72-1,"art, study"
345,SSSEARE-0-71-1,study
346,BVCB-0-232-2,sports
347,Devonshire-Topanga-11-60-2,
348,Southwest 1-15-264-1,"selfimprovement, art, study, sports"
349,Foothill-14-376-1,
350,Rampart 1-12-414-1,"church, sports"
351,Rampart 1-12-480-2,volunteer
352,Rampart 1-12-480-2,sports
353,Rampart 1-12-474-1,
354,Olympic-12-12-2,
355,PCMCIS-0-23-2,
356,Southeast 1-22-56-1,
357,Rampart 1-12-410-1,
358,Rampart 1-12-231-2,"other, family"
359,77th 2-13-1316-1,sports
360,Rampart 1-12-406-2,
361,Rampart 1-12-418-1,
362,Newton 1-17-70-1,
363,BVCB-0-184-2,"job, selfimprovement"
364,NHSEA-0-222-3,
365,Hollenbeck 2-20-54-2,community
366,Hollenbeck 2-20-71-2,
367,Southeast 1-22-58-1,
368,BVCB-0-76-3,"study, job"
369,Hollenbeck 2-20-65-2,
370,Newton 1-17-145-1,
371,77th 2-13-1290-2,
372,Southwest 2-23-10-1,
373,Hollenbeck 2-20-10-2,
374,Hollenbeck 2-20-60-2,
375,Mission-14-140-1,
376,Southwest 1-15-271-2,job
377,Southwest 1-15-270-2,job
378,Southwest 2-23-69-1,
379,NHSEA-0-362-2,
380,Hollenbeck 2-20-57-2,program
381,Hollenbeck 2-20-84-2,
382,BVCB-0-215-3,sports
383,Olympic-12-61-1,
384,Hollenbeck 2-20-82-2,
385,FGSEARE-0-60-1,sports
386,77th 1-16-63-1,
387,Hollenbeck 2-20-68-2,
388,Southwest 1-15-287-2,
389,Southwest 1-15-281-2,
390,Southeast 1-22-31-1,
391,Northeast-20-100-2,"art, church"
392,Southwest 1-15-260-2,
393,Hollenbeck 1-20-46-2,
394,Olympic-12-58-1,
395,Hollenbeck 2-20-38-2,study
396,Southeast 2-20-135-1,hygiene
397,Hollenbeck 1-20-91-2,
398,CPHBRE-0-39-1,"job, study"
399,Southeast 2-20-127-1,
400,Southeast 2-20-125-1,hygiene
401,Southeast 1-22-61-1,
402,Southeast 2-20-109-1,"study, hygiene"
403,Olympic-12-71-1,
404,Southeast 2-20-126-1,hygiene
405,BHSEA-2-135-3,
406,NHSEA-0-275-2,
407,BVCB-0-174-1,
408,Northeast-20-160-2,
409,NHSEA-0-346-3,
410,Southeast 3-10-105-2,
411,77th 2-13-1313-2,
412,Southwest 1-15-289-1,"job, study"
413,Southwest 1-15-290-1,"sports, job, school"
414,Northeast-20-164-2,
415,Northeast-20-97-2,
416,Hollenbeck 3-20-29-2,
417,Northeast-20-158-2,church
418,Hollenbeck 2-20-70-2,job
419,Hollenbeck 3-20-68-2,
420,Hollenbeck 1-20-44-2,
421,Hollenbeck 2-20-92-2,
422,Northeast-20-144-2,sports
423,BVCB-0-196-3,"church, study"
424,NHSEA-0-301-4,
425,Hollywood-12-19-2,community
426,Southeast 3-10-120-1,sports
427,Hollenbeck 1-20-78-2,
428,Hollywood-12-26-2,church
429,Hollywood-12-30-2,sports
430,Hollywood-12-38-2,"sports, community"
431,Southeast 1-22-44-1,church
432,Hollywood-12-24-2,community
433,Hollenbeck 1-20-38-2,
434,BVCB-0-235-2,study
435,Harbor-21-157-1,
436,Harbor-21-158-1,
437,Hollywood-12-25-2,community
438,Hollenbeck 1-20-8-3,
439,Hollenbeck 1-20-94-2,
440,Foothill-14-292-1,
441,RPARGR-PP-154-3,community
442,Harbor-21-156-1,
443,Southeast 1-22-34-1,
444,Hollenbeck 1-20-93-3,
445,Hollenbeck 3-20-91-2,
446,Hollenbeck 3-20-99-2,
447,Harbor-21-159-1,
448,77th 3-20-143-1,
449,Hollenbeck 1-20-72-2,
450,Foothill-14-390-1,
451,Pacific-18-231-1,"therapy, selfimprovement"
452,Pacific-18-232-1,therapy
453,Hollenbeck 1-20-97-2,
454,Southeast 2-20-132-1,entertainment
455,77th 3-20-144-1,
456,77th 3-20-91-2,
457,77th 3-20-138-1,
458,Valley-92-1-1,
459,Hollenbeck 2-20-110-2,
460,77th 3-20-79-2,
461,77th 3-20-145-1,
462,77th 3-20-108-2,therapy
463,Hollenbeck 2-20-23-3,
464,NHSEA-0-217-2,church
465,77th 3-20-105-2,sports
466,Pacific-18-105-2,program
467,77th 3-20-155-1,
468,Hollywood-12-41-1,community
469,77th 2-13-1331-1,"program, selfimprovement, study"
470,Southwest 1-15-288-2,job
471,Valley-92-4-1,
472,Foothill-14-312-1,
473,Hollenbeck 2-20-93-2,
474,Hollenbeck 2-20-89-2,
475,Hollenbeck 2-20-104-2,
476,Hollenbeck 3-20-96-2,
477,Southeast 1-22-62-1,study
478,Hollenbeck 3-20-4-3,
479,CPHBRE-0-83-1,"study, job"
480,Newton 1-17-160-1,
481,77th 3-20-153-2,
482,Newton 1-17-164-1,
483,Rampart 1-12-454-2,
484,Harbor-21-160-1,
485,Pacific-18-109-1,family
486,Hollenbeck 2-20-77-2,
487,Valley-92-5-1,
488,77th 2-13-1339-1,
489,CPHBRE-0-82-1,
490,77th 2-13-1326-1,program
491,Newton 1-17-156-1,
492,77th 2-13-1306-1,
493,Newton 1-17-165-1,
494,Foothill-14-313-1,
495,Hollenbeck 2-20-100-2,
496,Harbor-21-162-2,
497,Newton 2-23-63-2,"church, program, sports"
498,Southeast 3-10-122-1,
499,Pacific-18-233-1,therapy
500,Pacific-18-226-1,"therapy, program"
501,Pacific-18-207-1,"therapy, program"
502,Pacific-18-204-1,program
503,Pacific-18-223-1,therapy
504,Valley-92-7-1,
505,Devonshire-Topanga-11-101-1,
506,CPHBRE-0-76-1,
507,Pacific-18-200-1,
508,NHSEA-0-337-3,
509,Pacific-18-216-2,
510,Northeast-20-156-2,
511,Pacific-18-234-1,therapy
512,Pacific-18-229-1,
513,Southeast 3-10-79-2,sports
514,Pacific-18-236-1,"therapy, selfimprovement, program"
515,Pacific-18-235-1,therapy
516,Newton 2-23-146-1,job
517,Newton 2-23-128-1,program
518,Southeast 3-10-123-1,
519,Southeast 1-22-66-1,entertainment
520,Hollenbeck 2-20-85-2,
521,Hollenbeck 1-20-100-2,
522,Southwest 1-15-262-1,job
523,Southwest 1-15-298-1,community
524,Mission-14-156-1,program
525,Foothill-14-316-1,
526,Devonshire-Topanga-11-98-1,
527,Hollenbeck 2-20-52-3,
528,Devonshire-Topanga-11-97-1,art
529,Southeast 1-22-68-1,sports
530,Newton 1-17-169-1,
531,Pacific-18-108-1,study
532,Newton 1-17-170-1,
533,VMVHF-0-62-2,
534,Pacific-18-103-3,study
535,Newton 2-23-145-1,"selfimprovement, therapy"
536,Hollenbeck 2-20-119-2,
537,Hollenbeck 2-20-120-2,
538,77th 2-13-1341-1,
539,77th 2-13-1310-2,
540,77th 2-13-1336-1,
541,BHSEA-1-152-3,
542,77th 2-13-1333-1,
543,Devonshire-Topanga-11-92-1,
544,Hollenbeck 2-20-33-3,
545,77th 2-13-1342-1,study
546,Newton 1-17-178-1,
547,Newton 1-17-173-1,
548,Southeast 3-10-127-1,"program, sports"
549,Newton 2-23-141-1,
550,NHSEA-0-301-4,
551,77th 3-20-154-1,
552,SSSEARE-0-77-1,
553,Harbor-21-138-2,
554,Southeast 3-10-125-1,community
555,Harbor-21-164-1,church
556,Southeast 2-20-145-1,hygiene
557,NHSEA-0-360-3,volunteer
558,Southeast 2-20-164-1,hygiene
559,Hollenbeck 2-20-118-2,
560,77th 2-13-1238-1,"program, sports"
561,Pacific-18-236-1,"therapy, program"
562,Harbor-21-166-1,
563,Harbor-21-150-1,gryd
564,Southeast 2-20-140-1,hygiene
565,Southeast 2-20-150-1,hygiene
566,Newton 2-23-64-1,"church, sports"
567,Southeast 2-20-144-1,hygiene
568,Southeast 2-20-159-1,
569,Harbor-21-116-2,
570,Mission-14-138-1,church
571,Foothill-14-296-1,
572,Rampart 1-12-491-1,
573,Mission-14-158-1,sports
574,Southeast 2-20-154-1,hygiene
575,Mission-14-157-1,
576,Southeast 2-20-151-1,"study, job"
577,Southeast 2-20-153-1,hygiene
578,Hollenbeck 1-20-77-3,
579,SSSEARE-0-82-1,
580,Rampart 1-12-423-2,
581,FGSEARE-0-60-1,church
582,Newton 2-23-140-1,"job, program"
583,Newton 2-23-156-1,program
584,Newton 2-23-161-1,
585,Pacific-18-228-1,therapy
586,BVCB-0-88-3,program
587,77th 2-13-1340-1,sports
588,Hollenbeck 3-20-118-2,
589,Southeast 2-20-155-1,hygiene
590,Southeast 2-20-138-1,hygiene
591,FGSEARE-0-69-1,
592,Foothill-14-297-1,"job, church"
593,Foothill-14-308-1,
594,Northeast-20-184-2,
595,Hollenbeck 1-20-101-2,
596,Hollenbeck 1-20-103-2,
597,Foothill-14-320-1,
598,Newton 2-23-167-1,"selfimprovement, job, sports"
599,Valley-92-12-1,
600,Southeast 2-20-85-1,hygiene
601,Foothill-14-310-1,
602,Newton 2-23-135-1,"job, sports"
603,SVCIS-0-44-2,family
604,Foothill-14-294-1,
605,Foothill-14-211-1,church
606,Rampart 1-12-495-2,
607,VMVHF-0-67-1,selfimprovement
608,Pacific-18-244-1,therapy
609,Foothill-14-286-1,volunteer
610,Southwest 1-15-296-2,selfimprovement
611,Pacific-18-85-1,job
612,Foothill-14-210-1,
613,Harbor-21-172-1,
614,Foothill-14-319-1,
615,Mission-14-141-1,
616,77th 3-20-136-1,
617,77th 3-20-176-1,
618,77th 3-20-133-1,
619,Hollenbeck 3-20-3-2,volunteer
620,Olympic-12-56-1,
621,Pacific-18-96-1,
622,Harbor-21-168-1,
623,Newton 1-17-181-1,
624,Newton 1-17-182-1,
625,Newton 1-17-185-1,
626,Newton 1-17-196-1,
627,Newton 1-17-195-1,
628,Newton 1-17-49-2,
629,77th 3-20-59-3,job
630,Rampart 1-12-493-1,
631,Southwest 1-15-268-2,
632,77th 3-20-56-2,selfimprovement
633,77th 3-20-139-2,
634,Newton 2-23-117-1,"school, job"
635,Pacific-18-113-1,
636,Harbor-21-170-1,
637,Hollenbeck 2-20-103-2,
638,Hollenbeck 3-20-121-2,
639,Pacific-18-114-1,
640,Harbor-21-167-1,
641,Newton 2-23-84-1,"tutoring, therapy"
642,Hollenbeck 2-20-114-2,
643,Foothill-14-309-1,
644,Hollenbeck 1-20-111-2,
645,Hollenbeck 2-20-71-2,sports
646,Harbor-21-169-1,
647,CPHBRE-0-61-1,study
648,Valley-92-16-1,
649,Newton 1-17-189-1,
650,Newton 2-23-169-1,
651,Hollenbeck 3-20-102-2,
652,Hollenbeck 1-20-106-2,selfimprovement
653,Hollenbeck 1-20-104-2,selfimprovement
654,Harbor-21-171-1,
655,Harbor-21-174-1,
656,Southeast 2-20-107-2,hygiene
657,Hollenbeck 1-20-122-2,program
658,Hollenbeck 1-20-126-2,
659,Southeast 2-20-128-2,hygiene
660,Southwest 1-15-238-1,job
661,Hollenbeck 1-20-131-2,program
662,77th 2-13-1327-1,program
663,77th 2-13-1343-1,family
664,BVCB-0-187-2,sports
665,Rampart 1-12-506-1,sports
666,Harbor-21-173-1,
667,Northeast-20-196-2,
668,Southeast 3-10-108-1,
669,Hollenbeck 2-20-74-2,
670,Southwest 1-15-271-2,
671,Southwest 1-15-270-2,
672,NHSEA-0-248-2,
673,Harbor-21-175-1,
674,Harbor-21-179-1,
675,77th 1-16-74-1,selfimprovement
676,Southeast 2-20-106-2,hygiene
677,Rampart 1-12-501-1,
678,Hollenbeck 2-20-46-2,
679,CPHBRE-0-96-1,"job, school, selfimprovement"
680,Newton 2-23-148-1,"school, job"
681,Harbor-21-176-1,
682,Southwest 1-15-280-1,job
683,77th 3-20-157-1,family
684,Southwest 2-23-83-1,
685,BHSEA-2-107-3,
686,CPHBRE-0-16-1,
687,Harbor-21-182-1,
688,CPHBRE-0-49-1,"therapy, church"
689,Northeast-20-119-2,
690,Hollenbeck 3-20-107-2,
691,Newton 1-17-175-1,
692,Devonshire-Topanga-11-117-1,program
693,Southwest 1-15-289-1,
694,Devonshire-Topanga-11-118-1,church
695,Southeast 2-20-135-1,hygiene
696,Valley-92-19-1,
697,BVCB-0-191-2,
698,Southeast 2-20-143-1,hygiene
699,Newton 2-23-131-1,"family, study, church, selfimprovement"
700,Newton 2-23-182-1,
701,Southeast 2-20-126-1,hygiene
702,Southeast 2-20-127-1,hygiene
703,Southwest 1-15-260-2,job
704,Newton 1-17-191-1,sports
705,Foothill-14-165-2,sports
706,Newton 1-17-157-1,
707,Southwest 1-15-269-1,job
708,Hollenbeck 3-20-141-2,
709,SSSEARE-0-86-1,sports
710,Newton 1-17-128-1,sports
711,Newton 2-23-160-1,program
712,Devonshire-Topanga-11-115-1,
713,Devonshire-Topanga-11-103-1,
714,77th 1-16-63-1,
715,Newton 2-23-132-1,"program, selfimprovement"
716,Newton 2-23-149-1,program
717,77th 2-13-1337-1,
718,Southwest 2-23-55-2,
719,77th 3-20-137-2,sports
720,Devonshire-Topanga-11-119-1,
721,Devonshire-Topanga-11-114-1,job
722,Devonshire-Topanga-11-85-1,
723,Olympic-12-97-3,volunteer
724,77th 2-13-1363-1,
725,Newton 2-23-15-1,"church, selfimprovement"
726,Hollenbeck 1-20-128-2,program
727,BVCB-0-232-2,"sports, study"
728,Southwest 1-15-315-1,"study, job"
729,Southeast 2-20-130-1,hygiene
730,BVCB-0-192-4,selfimprovement
731,Newton 1-17-194-1,
732,Southeast 2-20-160-1,hygiene
733,Newton 2-23-187-1,"volunteer, study"
734,Southwest 1-15-302-2,job
735,Hollenbeck 2-20-31-2,
736,Southwest 1-15-290-1,"study, job, selfimprovement"
737,Southwest 1-15-301-2,"workout, therapy"
738,BVCB-0-76-3,selfimprovement
739,Hollenbeck 3-20-120-2,
740,Rampart 1-12-503-1,church
741,Hollenbeck 3-20-124-2,
742,Newton 2-23-86-2,"program, sports"
743,Newton 2-23-170-1,study
744,Newton 2-23-151-1,"family, program"
745,77th 2-13-1360-1,
746,Southwest 2-23-82-1,
747,BVCB-0-119-3,"study, job"
748,Hollenbeck 3-20-131-2,
749,BVCB-0-222-2,
750,Hollenbeck 3-20-132-2,
751,Hollenbeck 3-20-137-2,
752,Hollenbeck 3-20-133-2,job
753,Hollenbeck 3-20-142-2,
754,Newton 2-23-173-1,family
755,77th 2-13-1338-1,
756,Hollenbeck 3-20-47-3,sports
757,Southwest 1-15-312-1,art
758,Southwest 1-15-298-1,"entertainment, selfimprovement"
759,Olympic-12-78-1,study
760,77th 3-20-109-2,"sports, study"
761,Newton 2-23-155-1,program
762,Newton 2-23-138-1,
763,Newton 2-23-130-1,sports
764,Southwest 1-15-272-2,sports
765,BVCB-0-184-2,"job, study"
766,Newton 2-23-113-1,program
767,Newton 1-17-176-1,
768,Southwest 2-23-52-2,
769,CPHBRE-0-98-1,
770,BVCB-0-129-2,"job, selfimprovement"
771,Hollenbeck 1-20-123-2,tutoring
772,FGSEARE-0-73-1,job
773,Hollywood-12-11-1,sports
774,Hollenbeck 2-20-96-2,
775,Hollywood-12-7-1,"family, sports"
776,Hollywood-12-12-1,community
777,Southwest 2-23-58-2,
778,Southwest 2-23-48-2,
779,Devonshire-Topanga-11-120-1,job
780,Hollywood-12-6-1,volunteer
781,Hollywood-12-4-1,volunteer
782,Foothill-14-390-1,
783,Northeast-20-188-2,"selfimprovement, program"
784,Newton 1-17-187-1,church
785,Southwest 1-15-303-2,
786,Southeast 3-10-157-1,
787,Hollenbeck 1-20-98-2,program
788,Hollenbeck 3-20-153-2,
789,Hollenbeck 1-20-64-2,volunteer
790,Newton 2-23-197-1,study
791,Newton 2-23-158-1,"study, job"
792,BVCB-0-226-3,
793,Hollenbeck 3-20-144-2,
794,Valley-92-13-1,
795,FGSEARE-0-77-1,art
796,Northeast-20-144-2,
797,Newton 1-17-180-1,"job, selfimprovement"
798,Southwest 1-15-320-2,church
799,Newton 2-23-175-1,program
800,Harbor-21-187-1,
801,77th 1-16-81-1,
802,Hollenbeck 2-20-89-2,"selfimprovement, therapy"
803,Hollywood-12-71-1,program
804,Harbor-21-186-1,
805,Hollywood-12-13-1,volunteer
806,Hollywood-12-70-2,sports
807,Newton 2-23-181-1,"school, program"
808,Southeast 2-20-153-1,hygiene
809,Pacific-18-121-1,"therapy, program"
810,Hollenbeck 2-20-110-2,
811,CPHBRE-0-91-1,
812,Newton 2-23-126-1,program
813,Valley-92-1-1,"family, sports"
814,Hollywood-12-64-1,"sports, volunteer"
815,Olympic-12-4-1,
816,Southeast 2-20-129-2,hygiene
817,Hollywood-12-69-2,sports
818,77th 2-13-1305-1,
819,Southwest 2-23-76-1,
820,Southwest 1-15-305-2,sports
821,Southwest 2-23-34-2,
822,BVCB-0-196-3,"job, study"
823,Harbor-21-188-1,
824,FGSEARE-0-76-1,sports
825,Hollenbeck 2-20-52-3,
826,Foothill-14-312-1,
827,BVCB-0-217-2,job
828,Southeast 2-20-143-1,hygiene
829,Hollenbeck 2-20-6-3,"sports, study"
830,Southwest 2-23-85-1,
831,FGSEARE-0-80-1,sports
832,Southeast 2-20-155-1,hygiene
833,Southeast 2-20-138-1,hygiene
834,77th 2-13-1362-1,
835,77th 1-16-64-1,
836,Southeast 2-20-154-1,hygiene
837,Hollenbeck 2-20-136-2,program
838,Newton 1-17-207-1,
839,Harbor-21-189-1,
840,Hollywood-12-37-2,"art, volunteer"
841,Hollywood-12-15-1,community
842,Hollywood-12-16-1,community
843,RPARGR-PP-158-3,family
844,RPARGR-PP-149-2,volunteer
845,Pacific-18-245-1,
846,Southwest 1-15-311-2,
847,Newton 2-23-201-1,sports
848,Hollenbeck 2-20-143-2,
849,Foothill-14-375-1,
850,Newton 1-17-199-1,
851,Northeast-20-242-2,
852,Hollenbeck 1-20-149-2,"volunteer, sports"
853,Southeast 1-22-92-1,sports
854,SSSEARE-0-87-1,study
855,Hollenbeck 1-20-112-2,sports
856,77th 2-13-1359-1,program
857,77th 2-13-1358-1,program
858,77th 2-13-1290-2,program
859,Rampart 1-12-532-1,program
860,Hollenbeck 2-20-45-2,selfimprovement
861,Valley-92-7-1,
862,Rampart 2-12-235-2,study
863,Southeast 3-10-135-1,selfimprovement
864,Southeast 3-10-159-1,
865,Newton 1-17-177-1,
866,Newton 1-17-174-1,
867,Hollenbeck 1-20-116-2,sports
868,CPHBRE-0-92-1,
869,Pacific-18-252-1,"therapy, program"
870,Hollenbeck 2-20-122-2,therapy
871,Southwest 2-23-67-2,"church, study"
872,Hollenbeck 1-20-120-2,
873,Newton 1-17-200-1,sports
874,Northeast-20-162-3,
875,Hollenbeck 3-20-3-2,
876,77th 1-16-82-1,
877,Northeast-20-206-2,
878,Rampart 1-12-530-1,job
879,Hollenbeck 3-20-62-3,
880,Southwest 1-15-314-2,job
881,Hollenbeck 2-20-145-2,
882,Hollenbeck 3-20-170-1,
883,Northeast-20-149-3,
884,Northeast-20-208-2,"job, sports"
885,Devonshire-Topanga-11-128-1,program
886,Devonshire-Topanga-11-125-1,"art, program, sports"
887,BVCB-0-235-2,job
888,Pacific-18-250-1,"therapy, selfimprovement"
889,77th 2-13-1308-2,
890,77th 2-13-1309-1,
891,77th 3-20-172-1,
892,Newton 1-17-116-2,tutoring
893,Hollywood-12-30-2,sports
894,Hollenbeck 2-20-116-2,"study, church"
895,Rampart 2-12-226-2,entertainment
896,Rampart 2-12-267-2,
897,Hollenbeck 1-20-81-2,
898,Hollenbeck 1-20-121-2,program
899,Hollywood-12-80-1,"church, sports"
900,Hollenbeck 1-20-59-2,program
901,Hollywood-12-79-1,
902,Rampart 2-12-248-1,
903,Newton 1-17-206-1,sports
904,Hollenbeck 3-20-125-2,
905,Hollywood-12-78-2,program
906,Rampart 2-12-251-1,program
907,RPARGR-PP-124-2,study
908,Southwest 2-23-92-1,program
909,Newton 1-17-208-1,sports
910,77th 3-20-174-1,
911,Southwest 1-15-262-1,
912,Hollenbeck 1-20-113-2,
913,Southwest 2-23-65-2,
914,Hollenbeck 1-20-64-2,volunteer
915,Rampart 2-12-237-2,job
916,Pacific-18-113-1,study
917,Southwest 2-23-60-2,
918,Rampart 2-12-249-2,sports
919,BVCB-0-192-4,
920,Hollenbeck 1-20-130-2,
921,Southeast 3-10-158-1,
922,Newton 2-23-192-1,"program, art, selfimprovement"
923,Southwest 2-23-61-2,
924,Rampart 2-12-259-1,"job, study"
925,Hollenbeck 3-20-126-2,
926,Rampart 2-12-243-2,job
927,Hollywood-12-24-2,community
928,Southwest 2-23-75-1,
929,Pacific-18-114-1,
930,Newton 1-17-133-1,
931,Hollenbeck 1-20-52-3,
932,Newton 2-23-198-1,program
933,Hollenbeck 2-20-139-2,
934,Newton 1-17-168-1,
935,Southwest 2-23-97-1,
936,Hollenbeck 2-20-73-2,church
937,Rampart 2-12-224-2,church
938,Hollenbeck 1-20-136-2,
939,Southwest 2-23-93-1,sports
940,Rampart 1-12-462-1,
941,Foothill-14-381-1,church
942,Northeast-20-119-2,church
943,Hollenbeck 2-20-132-2,"community, volunteer"
944,CPHBRE-0-83-1,"study, sports"
945,Devonshire-Topanga-11-140-1,family
946,Rampart 1-12-518-1,
947,Southeast 3-10-120-1,
948,77th 3-20-76-2,
949,Rampart 2-12-244-2,entertainment
950,Devonshire-Topanga-11-90-2,other
951,Rampart 1-12-459-2,
952,Valley-92-20-1,
953,Hollenbeck 1-20-111-2,church
954,Hollenbeck 2-20-134-2,other
955,Newton 2-23-75-1,job
956,Southwest 2-23-98-1,
957,CPHBRE-0-82-1,
958,Southeast 1-22-91-2,
959,Hollywood-12-19-2,family
960,Harbor-21-192-1,
961,Hollywood-12-14-1,sports
962,CPHBRE-0-84-1,"sports, art"
963,Newton 1-17-173-1,
964,Newton 2-23-185-1,
965,Hollenbeck 3-20-187-1,
966,Devonshire-Topanga-11-135-1,job
967,Newton 2-23-56-1,art
968,Devonshire-Topanga-11-99-2,
969,Devonshire-Topanga-11-129-1,selfimprovement
970,Hollywood-12-26-2,church
971,Hollywood-12-25-2,study
972,Northeast-20-156-2,
973,Hollenbeck 2-20-58-3,
974,Southwest 2-23-91-2,volunteer
975,Newton 1-17-170-1,art
976,SSSEARE-0-93-1,
977,Devonshire-Topanga-11-7-2,
978,Devonshire-Topanga-11-123-1,selfimprovement
979,Northeast-20-226-2,"volunteer, church"
980,Devonshire-Topanga-11-126-1,
981,Olympic-12-121-1,
982,Hollenbeck 1-20-148-2,sports
983,NHSEA-0-210-4,
984,Devonshire-Topanga-11-108-1,"selfimprovement, other"
985,Southwest 1-15-316-2,
986,NHSEA-0-236-2,
987,Devonshire-Topanga-11-131-1,selfimprovement
988,Newton 2-23-210-1,"sports, program"
989,Newton 1-17-178-1,job
990,Newton 1-17-156-1,
991,Southwest 2-23-79-2,
992,Newton 2-23-139-1,
993,Newton 1-17-70-1,
994,Devonshire-Topanga-11-97-1,
995,Devonshire-Topanga-11-133-1,sports
996,Rampart 2-12-216-1,"program, church"
997,Rampart 2-12-246-1,
998,Newton 2-23-211-1,
999,Hollenbeck 2-20-119-2,
1000,Southeast 1-22-79-2,sports
1001,Hollenbeck 1-20-103-2,
1002,Hollenbeck 2-20-68-2,
1003,Olympic-12-58-1,
1004,Olympic-12-61-1,
1005,Hollenbeck 3-20-166-2,
1006,Foothill-14-359-1,
1007,Newton 2-23-183-1,program
1008,Southwest 2-23-81-1,
1009,77th 3-20-231-1,
1010,Newton 2-23-132-1,sports
1011,Southwest 2-23-88-1,
1012,Southeast 1-22-101-1,
1013,Olympic-12-152-1,
1014,Southeast 1-22-102-1,sports
1015,Hollenbeck 1-20-77-3,
1016,Hollenbeck 2-20-154-2,
1017,Devonshire-Topanga-11-142-1,sports
1018,Newton 2-23-220-1,program
1019,Newton 2-23-219-1,"community, program"
1020,Northeast-20-222-2,volunteer
1021,Southeast 3-10-136-2,program
1022,Newton 1-17-223-1,
1023,BVCB-0-158-3,
1024,Hollenbeck 2-20-77-3,program
1025,Newton 2-23-172-1,study
1026,Hollenbeck 1-20-101-2,
1027,Olympic-12-145-1,
1028,Hollenbeck 3-20-184-2,
1029,Hollenbeck 2-20-74-2,
1030,Hollenbeck 2-20-114-2,
1031,FGSEARE-0-84-1,
1032,Southwest 2-23-80-1,
1033,Olympic-12-133-1,
1034,Southwest 2-23-82-1,"selfimprovement, job"
1035,Olympic-12-139-2,
1036,Hollenbeck 2-20-71-2,
1037,SSSEARE-0-46-2,
1038,Southeast 3-10-186-1,sports
1039,Southeast 1-22-97-1,
1040,Hollenbeck 2-20-156-2,
1041,Hollenbeck 3-20-122-2,
1042,Southwest 2-23-101-1,
1043,Southeast 3-10-162-1,job
1044,Hollenbeck 1-20-119-1,
1045,Southwest 1-15-322-2,job
1046,Newton 2-23-194-1,
1047,Southeast 2-20-107-2,hygiene
1048,Northeast-20-228-2,volunteer
1049,Harbor-21-194-1,program
1050,Southwest 1-15-296-2,study
1051,Hollenbeck 1-20-125-2,
1052,77th 1-16-83-1,
1053,Southeast 2-20-145-1,hygiene
1054,77th 1-16-74-1,
1055,Southwest 1-15-312-1,community
1056,77th 2-13-1386-1,
1057,Hollenbeck 3-20-178-2,
1058,Northeast-20-249-2,
1059,Hollenbeck 1-20-140-2,
1060,Foothill-14-378-1,"volunteer, sports"
1061,Northeast-20-253-2,
1062,Southeast 3-10-185-1,church
1063,Northeast-20-218-2,job
1064,Northeast-20-196-2,
1065,77th 1-16-91-1,
1066,Southwest 1-15-342-1,
1067,Southeast 2-20-160-1,hygiene
1068,Hollenbeck 1-20-147-2,
1069,Hollenbeck 2-20-149-2,
1070,Hollenbeck 2-20-140-2,
1071,Hollenbeck 1-20-139-2,
1072,Southeast 1-22-133-1,
1073,Southwest 1-15-260-2,program
1074,Hollenbeck 1-20-122-2,"program, church"
1075,77th 1-16-94-1,
1076,Northeast-20-123-2,
1077,Devonshire-Topanga-11-13-2,selfimprovement
1078,BVCB-0-222-2,program
1079,Devonshire-Topanga-11-98-1,selfimprovement
1080,Southwest 2-23-109-1,
1081,Rampart 1-12-544-1,job
1082,CPHBRE-0-103-1,"sports, study, job"
1083,Newton 1-17-196-1,job
1084,Newton 1-17-181-1,
1085,Newton 1-17-182-1,job
1086,CPHBRE-0-104-1,"study, art, selfimprovement"
1087,Southwest 2-23-100-1,sports
1088,Harbor-21-196-1,
1089,Newton 1-17-49-2,
1090,VMVHF-0-62-2,"job, church, sports"
1091,Hollenbeck 2-20-147-2,
1092,Newton 1-17-195-1,job
1093,Newton 2-23-204-1,"volunteer, church"
1094,Hollenbeck 3-20-152-2,
1095,77th 2-13-1400-1,
1096,77th 1-16-95-1,
1097,Foothill-14-396-1,
1098,Harbor-21-193-1,
1099,Hollenbeck 3-20-154-2,
1100,Southeast 3-10-137-2,sports
1101,Hollenbeck 2-20-158-2,
1102,Southwest 2-23-55-2,"program, church, sports"
1103,Southeast 2-20-129-2,hygiene
1104,Northeast-20-243-2,
1105,Newton 2-23-113-2,church
1106,Foothill-14-380-1,sports
1107,Southeast 3-10-163-1,
1108,Valley-92-35-1,church
1109,Southeast 3-10-118-2,sports
1110,Southeast 2-20-106-2,hygiene
1111,Newton 1-17-225-1,sports
1112,Southwest 1-15-305-2,sports
1113,Northeast-20-233-2,
1114,Harbor-21-195-1,job
1115,Rampart 1-12-530-1,
1116,Hollenbeck 1-20-123-2,
1117,Hollenbeck 3-20-162-2,
1118,Hollenbeck 2-20-33-3,
1119,Northeast-20-227-2,
1120,CPHBRE-0-109-1,
1121,Rampart 1-12-512-2,
1122,Southwest 1-15-269-1,"job, other"
1123,Newton 1-17-187-1,art
1124,Southwest 1-15-334-2,
1125,Southeast 3-10-150-2,"study, sports"
1126,Newton 2-23-229-1,therapy
1127,77th 1-16-74-1,
1128,Rampart 1-12-526-1,job
1129,77th 1-16-84-1,
1130,Rampart 1-12-523-1,therapy
1131,Hollenbeck 1-20-131-2,program
1132,Hollenbeck 1-20-167-2,
1133,Hollenbeck 1-20-80-3,
1134,Newton 2-23-217-1,sports
1135,Hollenbeck 2-20-40-3,
1136,SSSEARE-0-95-1,
1137,Rampart 1-12-536-1,church
1138,Southwest 1-15-333-2,
1139,77th 1-16-92-1,
1140,SSSEARE-0-96-1,
1141,BHSEA-1-164-3,
1142,Valley-92-32-1,
1143,Valley-92-21-1,
1144,Rampart 1-12-540-1,
1145,77th 3-20-163-1,therapy
1146,Newton 2-23-218-1,
1147,Hollenbeck 3-20-173-2,
1148,Southeast 1-22-135-1,
1149,Southwest 2-23-106-1,
1150,Newton 2-23-215-1,program
1151,Southwest 2-23-63-2,
1152,Harbor-21-179-1,
1153,Southwest 2-23-107-1,
1154,Hollenbeck 2-20-162-3,program
1155,Newton 1-17-227-1,sports
1156,Southwest 1-15-304-3,"study, selfimprovement, sports"
1157,Northeast-20-231-2,"sports, program"
1158,Northeast-20-223-2,
1159,Southwest 2-23-77-2,
1160,Southwest 1-15-301-2,
1161,Newton 1-17-230-1,job
1162,Southwest 2-23-60-2,
1163,Harbor-21-175-1,
1164,77th 3-20-239-1,
1165,CPHBRE-0-98-1,
1166,BHSEA-1-117-3,
1167,Hollenbeck 3-20-150-2,
1168,Southwest 1-15-343-1,job
1169,Hollenbeck 2-20-85-2,
1170,77th 3-20-75-1,
1171,SSSEARE-0-86-1,
1172,Hollenbeck 1-20-160-2,
1173,Hollenbeck 1-20-160-2,
1174,Harbor-21-180-1,
1175,77th 3-20-70-2,
1176,Northeast-20-292-1,
1177,FGSEARE-0-85-1,sports
1178,Northeast-20-222-2,job
1179,Valley-92-31-1,
1180,Hollenbeck 1-20-136-2,sports
1181,Southwest 2-23-115-1,
1182,Southwest 2-23-114-1,
1183,Southwest 2-23-124-1,
1184,Southwest 2-23-67-2,"church, study, family, job"
1185,Northeast-20-234-2,"church, study"
1186,77th 3-20-234-1,
1187,77th 2-13-1394-1,"church, volunteer"
1188,Southwest 2-23-102-1,
1189,77th 2-13-1399-1,"sports, church, volunteer"
1190,BVCB-0-88-3,
1191,Hollenbeck 1-20-115-3,
1192,BVCB-0-192-4,
1193,Northeast-20-146-2,"selfimprovement, church"
1194,Valley-92-16-1,family
1195,Southeast 3-10-167-1,"sports, church, volunteer"
1196,Hollenbeck 1-20-150-2,
1197,Southeast 3-10-169-1,"sports, church, volunteer"
1198,Southeast 3-10-170-1,"sports, church, volunteer"
1199,Valley-92-37-1,
1200,Southeast 3-10-171-1,"sports, church, volunteer"
1201,Southeast 3-10-173-1,"sports, church, volunteer"
1202,Northeast-20-232-2,sports
1203,Newton 1-17-232-1,
1204,77th 1-16-110-1,
1205,Hollenbeck 1-20-112-2,
1206,Harbor-21-181-1,
1207,Southwest 2-23-125-1,
1208,Newton 2-23-216-1,program
1209,Newton 1-17-231-1,
1210,Southwest 1-15-290-1,"school, community"
1211,Newton 2-23-228-1,
1212,Valley-92-41-1,
1213,77th 2-13-1409-1,
1214,Southwest 1-15-314-2,
1215,77th 3-20-240-1,therapy
1216,Southwest 2-23-58-2,
1217,Northeast-20-263-2,
1218,Newton 1-17-208-1,
1219,Southwest 1-15-320-2,school
1220,Rampart 1-12-423-2,
1221,Foothill-14-314-1,
1222,Southwest 2-23-80-1,
1223,Valley-92-38-1,
1224,Southwest 2-23-104-1,
1225,Newton 2-23-116-1,"job, program"
1226,Devonshire-Topanga-11-105-2,
1227,Northeast-20-151-2,church
1228,Northeast-20-245-2,
1229,Foothill-14-389-1,
1230,Newton 2-23-92-2,sports
1231,Foothill-14-388-1,
1232,Newton 1-17-226-1,
1233,Southwest 2-23-126-1,selfimprovement
1234,Valley-92-36-1,
1235,77th 2-13-1411-1,volunteer
1236,Hollenbeck 1-20-165-2,
1237,Devonshire-Topanga-11-143-1,church
1238,Newton 2-23-129-2,"sports, program"
1239,Northeast-20-250-2,
1240,Harbor-21-171-1,
1241,Hollenbeck 1-20-98-2,program
1242,Newton 2-23-236-1,sports
1243,Newton 1-17-200-1,sports
1244,Southwest 2-23-113-1,
1245,Southwest 1-15-302-2,"sports, job"
1246,Newton 2-23-69-2,
1247,Newton 1-17-116-2,
1248,Hollenbeck 1-20-155-2,
1249,Harbor-21-168-2,
1250,Southwest 2-23-112-1,
1251,77th 1-16-96-1,
1252,Harbor-21-198-1,
1253,Newton 1-17-56-2,
1254,Hollenbeck 2-20-100-2,
1255,NHSEA-0-360-3,
1256,Hollenbeck 2-20-150-2,
1257,Harbor-21-184-2,
1258,Devonshire-Topanga-11-52-2,
1259,Southeast 3-10-148-2,"study, sports"
1260,Southwest 2-23-122-1,
1261,Hollenbeck 2-20-165-2,
1262,Southeast 2-20-135-1,hygiene
1263,Southeast 2-20-127-1,hygiene
1264,Foothill-14-398-1,other
1265,77th 1-16-99-1,
1266,Northeast-20-268-2,art
1267,Northeast-20-270-2,job
1268,77th 1-16-100-1,study
1269,Southeast 2-20-155-1,hygiene
1270,Southeast 2-20-130-1,hygiene
1271,SSSEARE-0-90-1,
1272,Southwest 1-15-336-2,
1273,Southwest 2-23-52-2,"selfimprovement, job"
1274,Southeast 2-20-138-1,hygiene
1275,Southwest 2-23-117-1,
1276,Southwest 1-15-338-2,sports
1277,Southwest 1-15-337-2,selfimprovement
1278,Southwest 2-23-96-1,sports
1279,Southeast 2-20-151-1,study
1280,Southeast 2-20-153-1,hygiene
1281,Newton 2-23-244-1,therapy
1282,Newton 1-17-233-1,
1283,Southeast 2-20-154-1,hygiene
1284,Harbor-21-162-2,sports
1285,Newton 2-23-248-1,"job, therapy"
1286,Newton 2-23-162-2,"job, program"
1287,CPHBRE-0-106-1,therapy
1288,Newton 2-23-235-1,program
1289,Hollenbeck 1-20-177-2,
1290,Valley-92-33-1,
1291,Southeast 2-20-126-1,
1292,Southeast 2-20-150-1,hygiene
1293,Southwest 1-15-319-2,selfimprovement
1294,Southwest 2-23-103-1,program
1295,Harbor-21-207-1,
1296,Harbor-21-182-1,
1297,Foothill-14-411-1,
1298,Foothill-14-392-1,
1299,77th 1-16-111-1,
1300,Newton 1-17-244-1,
1301,77th 1-16-112-1,
1302,Newton 2-23-227-1,program
1303,Harbor-21-164-1,
1304,NHSEA-0-319-5,
1305,77th 1-16-113-1,
1306,Southeast 1-22-105-1,hygiene
1307,Newton 1-17-189-1,
1308,Foothill-14-391-1,
1309,Southwest 2-23-35-3,
1310,Newton 1-17-218-2,
1311,Southeast 1-22-112-1,
1312,Southwest 1-15-322-2,
1313,Southeast 2-20-216-1,hygiene
1314,Newton 1-17-206-1,sports
1315,77th 1-16-81-1,selfimprovement
1316,Northeast-20-226-2,voluteer
1317,Newton 1-17-160-1,
1318,Newton 1-17-126-2,
1319,Devonshire-Topanga-11-146-1,
1320,77th 3-20-250-1,
1321,Devonshire-Topanga-11-100-2,"selfimprovement, program"
1322,77th 3-20-257-1,sports
1323,77th 3-20-252-1,
1324,Newton 1-17-190-2,sports
1325,Northeast-20-242-2,
1326,77th 3-20-251-1,"community, volunteer"
1327,77th 3-20-248-1,sports
1328,Northeast-20-269-2,
1329,77th 1-16-114-1,
1330,77th 3-20-259-1,
1331,Southwest 2-23-129-1,sports
1332,Hollenbeck 2-20-45-2,
1333,Southwest 2-23-139-1,study
1334,Harbor-21-189-2,
1335,Northeast-20-169-2,"program, volunteer"
1336,Hollenbeck 2-20-177-2,
1337,77th 3-20-245-1,family
1338,Pacific-18-110-2,selfimprovement
1339,Northeast-20-218-2,volunteer
1340,Pacific-18-111-2,selfimprovement
1341,SSSEARE-0-100-1,therapy
1342,Mission-14-251-1,
1343,77th 3-20-253-1,church
1344,Southeast 2-20-99-2,hygiene
1345,77th 1-16-63-1,
1346,Hollenbeck 1-20-42-4,"program, volunteer"
1347,77th 3-20-255-1,hygiene
1348,Southeast 2-20-217-1,hygiene
1349,Northeast-20-162-3,
1350,Newton 1-17-59-2,sports
1351,Harbor-21-169-2,
1352,Hollenbeck 2-20-118-3,program
1353,Northeast-20-176-2,sports
1354,Newton 2-23-224-1,art
1355,Southwest 1-15-311-2,
1356,Harbor-21-160-2,
1357,Harbor-21-206-1,
1358,Harbor-21-209-1,
1359,77th 3-20-256-1,
1360,CPHBRE-0-113-1,
1361,Newton 2-23-201-1,
1362,Hollenbeck 2-20-161-2,
1363,Southeast 2-20-220-1,hygiene
1364,Harbor-21-203-1,
1365,Hollenbeck 2-20-158-2,
1366,Harbor-21-167-2,
1367,Olympic-12-126-2,
1368,Harbor-21-176-2,
1369,77th 1-16-64-1,
1370,Foothill-14-410-1,
1371,CPHBRE-0-110-1,sports
1372,Northeast-20-215-2,
1373,Northeast-20-303-1,
1374,Foothill-14-312-1,
1375,Newton 1-17-207-1,art
1376,77th 3-20-262-1,church
1377,Harbor-21-205-1,
1378,Hollenbeck 2-20-131-2,
1379,Southeast 1-22-120-1,
1380,Southwest 1-15-298-1,community
1381,Southwest 2-23-131-1,
1382,Southeast 2-20-214-1,hygiene
1383,Newton 2-23-253-1,program
1384,Harbor-21-200-1,
1385,NHSEA-0-149-3,"sports, volunteer"
1386,Hollenbeck 1-20-183-2,
1387,Hollywood-12-85-1,"sports, art"
1388,Southwest 2-23-109-1,"church, family"
1389,Hollenbeck 2-20-29-3,
1390,BHSEA-1-147-3,
1391,77th 1-16-82-1,selfimprovement
1392,Southeast 1-22-123-1,
1393,Hollenbeck 2-20-151-3,
1394,Harbor-21-199-1,
1395,Southeast 2-20-159-1,hygiene
1396,Hollenbeck 1-20-130-2,sports
1397,Newton 2-23-241-1,
1398,Newton 2-23-241-1,sports
1399,Devonshire-Topanga-11-18-3,
1400,Southwest 2-23-127-1,
1401,Newton 2-23-247-1,volunteer
1402,Northeast-20-249-2,
1403,Northeast-20-279-2,church
1404,Hollenbeck 2-20-136-2,art
1405,Valley-92-42-1,family
1406,Northeast-20-108-2,church
1407,Hollenbeck 2-20-132-2,art
1408,Southwest 2-23-137-1,
1409,Valley-92-40-1,
1410,Rampart 1-12-531-2,
1411,Devonshire-Topanga-11-90-2,
1412,Southwest 2-23-138-1,
1413,Hollenbeck 2-20-146-2,
1414,Southeast 2-20-144-1,hygiene
1415,Southwest 2-23-119-1,sports
1416,Newton 1-17-258-1,
1417,Southwest 2-23-89-1,
1418,Northeast-20-228-2,church
1419,Southwest 2-23-104-1,
1420,Hollenbeck 1-20-191-2,
1421,Hollenbeck 2-20-160-2,sports
1422,Newton 1-17-246-1,
1423,Southeast 2-20-143-1,hygiene
1424,Southwest 2-23-107-1,selfimprovement
1425,Hollenbeck 1-20-193-2,
1426,Hollenbeck 1-20-116-2,
1427,Hollenbeck 1-20-201-2,program
1428,Hollenbeck 1-20-208-2,
1429,Foothill-14-393-1,selfimprovement
1430,Foothill-14-419-1,
1431,77th 1-16-115-1,
1432,FGSEARE-0-67-2,
1433,Northeast-20-123-2,
1434,Southwest 2-23-48-2,
1435,Southwest 2-23-93-1,program
1436,Northeast-20-274-2,
1437,Southwest 2-23-75-1,
1438,Southwest 2-23-83-1,
1439,Southwest 1-15-316-2,
1440,BVCB-0-158-3,
1441,Southwest 2-23-97-1,sports
1442,Rampart 1-12-564-1,job
1443,Southwest 2-23-91-2,
1444,Northeast-20-243-2,church
1445,Northeast-20-300-2,
1446,Southwest 1-15-304-3,"church, sports, study"
1447,Northeast-20-296-2,
1448,Hollenbeck 2-20-175-2,
1449,BVCB-0-129-2,selfimprovement
1450,Newton 1-17-253-1,
1451,Southeast 1-22-126-1,
1452,Northeast-20-310-1,church
1453,Newton 2-23-256-1,program
1454,Southwest 2-23-65-2,
1455,Northeast-20-306-1,sports
1456,Newton 1-17-255-1,
1457,Northeast-20-308-1,sports
1458,Newton 2-23-237-1,program
1459,Southeast 1-22-122-1,volunteer
1460,Southwest 2-23-100-1,
1461,Devonshire-Topanga-11-7-2,
1462,Valley-92-39-1,
1463,Foothill-14-402-1,
1464,Devonshire-Topanga-11-103-1,other
1465,Olympic-12-159-2,job
1466,Southwest 2-23-31-3,
1467,Newton 2-23-257-1,selfimprovement
1468,Southwest 2-23-30-3,selfimprovement
1469,Southeast 3-10-160-1,entertainment
1470,Southeast 3-10-90-2,"volunteer, sports"
1471,Southeast 3-10-127-1,"sports, church, volunteer"
1472,Southwest 2-23-125-1,
1473,Southwest 1-15-355-2,
1474,Newton 2-23-156-1,selfimprovement
1475,Newton 2-23-181-1,selfimprovement
1476,Northeast-20-259-2,sports
1477,Northeast-20-211-2,volunteer
1478,Southwest 1-15-342-1,
1479,Newton 2-23-266-1,selfimprovement
1480,Northeast-20-118-2,
1481,Mission-14-255-1,
1482,Hollenbeck 1-20-43-4,program
1483,Mission-14-256-1,
1484,Northeast-20-10-3,
1485,Northeast-20-298-2,church
1486,Northeast-20-138-3,
1487,Hollenbeck 2-20-110-2,
1488,Newton 2-23-138-1,sports
1489,Newton 2-23-139-1,family
1490,Valley-92-49-1,sports
1491,Olympic-12-164-2,
1492,Northeast-20-287-2,
1493,Mission-14-216-2,volunteer
1494,Newton 2-23-135-1,church
1495,Northeast-20-304-2,
1496,Northeast-20-18-3,
1497,Northeast-20-130-3,
1498,Hollenbeck 1-20-78-3,
1499,Hollenbeck 2-20-30-3,
1500,Newton 2-23-130-1,program
1501,Southwest 2-23-53-2,
1502,Newton 2-23-245-1,program
1503,FGSEARE-0-86-1,
1504,Valley-92-43-1,
1505,Hollenbeck 1-20-158-2,sports
1506,Southwest 2-23-101-1,
1507,Southeast 3-10-88-1,volunteer
1508,Hollenbeck 2-20-145-2,
1509,Newton 2-23-151-1,selfimprovement
1510,Newton 2-23-204-1,church
1511,Southwest 2-23-61-2,
1512,Foothill-14-401-1,
1513,Foothill-14-400-1,
1514,Southwest 2-23-34-2,
1515,Southwest 1-15-350-2,job
1516,Newton 2-23-141-1,
1517,Olympic-12-162-2,selfimprovement
1518,Hollenbeck 1-20-222-1,church
1519,Newton 1-17-145-1,
1520,Southeast 2-20-107-2,hygiene
1521,Newton 2-23-272-1,selfimprovement
1522,Harbor-21-210-1,
1523,Olympic-12-181-1,
1524,Newton 2-23-263-1,selfimprovement
1525,Southeast 2-20-145-1,hygiene
1526,Southeast 1-22-106-2,
1527,Newton 1-17-215-2,
1528,Valley-92-50-1,
1529,Northeast-20-306-1,
1530,Valley-92-46-1,
1531,Southwest 1-15-352-2,
1532,Hollenbeck 2-20-154-2,
1533,Southeast 2-20-160-1,hygiene
1534,Southwest 1-15-334-2,
1535,Northeast-20-297-2,
1536,Hollenbeck 2-20-180-2,
1537,Valley-92-45-1,
1538,Southwest 1-15-336-2,job
1539,Northeast-20-302-2,
1540,Hollenbeck 1-20-86-3,
1541,Southeast 1-22-131-1,
1542,Southwest 1-15-370-2,program
1543,Southwest 2-23-124-1,program
1544,Newton 1-17-264-1,
1545,SSSEARE-0-103-1,
1546,77th 1-16-74-1,
1547,Southwest 2-23-76-1,
1548,Newton 2-23-132-1,selfimprovement
1549,Southeast 2-20-175-2,hygiene
1550,Southwest 1-15-346-2,sports
1551,Southwest 2-23-118-1,volunteer
1552,Southwest 2-23-81-1,
1553,Southwest 1-15-347-2,"study, sports"
1554,Pacific-18-232-2,"selfimprovement, therapy"
1555,Southwest 1-15-269-1,other
1556,Newton 1-17-159-2,
1557,77th 1-16-83-1,program
1558,SSSEARE-0-97-1,
1559,Newton 2-23-126-1,"selfimprovement, sports"
1560,Newton 1-17-267-1,
1561,Southwest 2-23-112-1,
1562,Southwest 1-15-353-2,sports
1563,Newton 1-17-269-1,
1564,77th 2-13-1437-1,
1565,Southeast 2-20-178-2,hygiene
1566,Southwest 1-15-354-2,
1567,Southwest 1-15-349-2,sports
1568,Rampart 1-12-527-2,job
1569,77th 2-13-1439-1,
1570,Hollenbeck 1-20-182-2,program
1571,Southwest 2-23-102-1,
1572,Southwest 2-23-98-1,program
1573,Hollenbeck 1-20-122-3,program
1574,Southeast 2-20-226-1,hygiene
1575,Southwest 1-15-301-2,
1576,Hollenbeck 2-20-149-2,
1577,Hollenbeck 1-20-151-2,
1578,Newton 2-23-183-1,volunteer
1579,77th 1-16-91-1,
1580,77th 1-16-84-1,
1581,Newton 2-23-86-2,"selfimprovement, sports"
1582,Southeast 2-20-129-2,hygiene
1583,Southeast 2-20-227-1,hygiene
1584,Southeast 2-20-225-1,hygiene
1585,Newton 2-23-185-1,"church, sports "
1586,Southwest 1-15-359-2,
1587,77th 2-13-1393-1,"sports, church, volunteer"
1588,77th 2-13-1399-1,"sports, church, volunteer"
1589,Northeast-20-206-3,
1590,77th 2-13-1392-1,"sports, church, volunteer"
1591,Southeast 3-10-173-1,"sports, church, volunteer"
1592,Newton 2-23-249-1,
1593,Southeast 3-10-170-1,"sports, church, volunteer"
1594,Southeast 3-10-169-1,"sports, church, volunteer"
1595,Southeast 3-10-167-1,"sports, church, volunteer"
1596,Southeast 3-10-172-1,"sports, church, volunteer"
1597,Southwest 1-15-357-2,
1598,Valley-92-52-1,
1599,Hollenbeck 1-20-161-2,
1600,Southeast 3-10-171-1,"sports, church, volunteer"
1601,77th 2-13-1391-1,"volunteer, church, entertainment"
1602,77th 2-13-1396-1,"sports, church, volunteer"
1603,Hollenbeck 2-20-70-3,sports
1604,Northeast-20-322-1,church
1605,77th 2-13-1398-1,"study, church, volunteer"
1606,Valley-92-53-1,
1607,77th 2-13-1395-1,"volunteer, church "
1608,77th 2-13-1397-1,"sports, church, volunteer"
1609,Newton 1-17-257-1,
1610,Southwest 1-15-356-2,entertainment
1611,Hollenbeck 1-20-140-2,sports
1612,Southwest 2-23-92-1,sports
1613,Newton 1-17-274-1,
1614,Southwest 2-23-126-1,
1615,Hollenbeck 1-20-139-2,
1616,Southwest 2-23-115-1,"program, sports"
1617,Newton 1-17-265-1,
1618,Valley-92-51-1,
1619,Southwest 1-15-365-2,
1620,Southeast 2-20-221-1,
1621,Foothill-14-378-1,
1622,Newton 1-17-62-2,sports
1623,Southeast 2-20-176-2,hygiene
1624,77th 1-16-92-1,selfimprovement
1625,Newton 1-17-275-1,sports
1626,Southeast 2-20-174-2,hygiene
1627,CPHBRE-0-109-1,"therapy, art"
1628,Newton 1-17-271-1,sports
1629,Newton 1-17-233-1,
1630,Southwest 1-15-364-2,
1631,Southwest 2-23-77-2,
1632,Foothill-14-430-1,"sports, therapy"
1633,Foothill-14-431-1,
1634,Southwest 1-15-366-2,sports
1635,Southwest 2-23-122-1,
1636,Southwest 1-15-348-3,
1637,Southwest 1-15-358-2,sports
1638,Southeast 3-10-138-2,
1639,Southeast 2-20-246-1,hygiene
1640,Newton 2-23-216-1,"entertainment, program"
1641,Newton 2-23-278-1,
1642,Pacific-18-245-1,"therapy, selfimprovement"
1643,Olympic-12-165-1,
1644,Newton 2-23-215-1,"program, job"
1645,Newton 1-17-117-2,
1646,Northeast-20-270-2,
1647,Foothill-14-434-1,
1648,77th 2-13-1448-1,
1649,77th 2-13-1447-1,volunteer
1650,Southwest 2-23-172-1,"sports, entertainment"
1651,Harbor-21-211-1,
1652,Southwest 2-23-174-1,"study, entertainment"
1653,Devonshire-Topanga-11-101-1,other
1654,Southwest 2-23-176-1,
1655,Northeast-20-292-1,volunteer
1656,Southwest 1-15-305-2,sports
1657,Southwest 2-23-182-1,"sports, study"
1658,Southwest 2-23-179-1,sports
1659,Southeast 2-20-216-1,hygiene
1660,Foothill-14-314-1,
1661,77th 2-13-1449-1,
1662,Newton 2-23-167-1,
1663,Hollenbeck 1-20-186-2,
1664,Rampart 1-12-391-2,
1665,Foothill-14-375-1,
1666,77th 1-16-94-1,
1667,77th 1-16-95-1,
1668,Southwest 1-15-308-3,job
1669,Foothill-14-436-1,
1670,SSSEARE-0-98-1,
1671,Southwest 1-15-338-2,sports
1672,Foothill-14-377-1,
1673,Northeast-20-278-2,
1674,Foothill-14-437-1,
1675,Northeast-20-283-2,
1676,Newton 2-23-236-1,"program, volunteer"
1677,Newton 2-23-217-1,sports
1678,BVCB-0-192-5,selfimprovement
1679,Harbor-21-213-1,
1680,Southeast 2-20-214-1,hygiene
1681,Southwest 1-15-337-2,
1682,Hollenbeck 1-20-184-2,program
1683,Harbor-21-212-1,
1684,Foothill-14-428-1,
1685,Southwest 2-23-113-1,program
1686,Valley-92-33-1,"job, family"
1687,Southwest 2-23-161-1,
1688,Southeast 3-10-193-1,sports
1689,Hollenbeck 2-20-171-2,
1690,FGSEARE-0-87-1,
1691,Southwest 2-23-184-1,
1692,Newton 2-23-198-1,
1693,Newton 1-17-268-1,
1694,Foothill-14-438-1,program
1695,Hollenbeck 2-20-158-3,church
1696,Southwest 2-23-167-1,
1697,Southwest 1-15-374-2,
1698,Southwest 2-23-185-1,study
1699,Newton 1-17-251-1,
1700,Southwest 2-23-103-1,program
1701,Southwest 2-23-154-1,
1702,Hollenbeck 1-20-150-2,
1703,Foothill-14-388-1,
1704,Newton 1-17-250-1,
1705,Southwest 2-23-162-1,
1706,Southwest 2-23-143-2,
1707,Northeast-20-284-2,selfimprovement
1708,Southwest 2-23-160-1,study
1709,Southwest 2-23-128-2,study
1710,Southeast 3-10-197-1,
1711,Foothill-14-389-1,art
1712,Northeast-20-325-1,other
1713,Southwest 2-23-183-1,sports
1714,Southeast 3-10-190-1,
1715,Northeast-20-296-2,
1716,FGSEARE-0-84-1,
1717,77th 3-20-288-1,other
1718,Southwest 2-23-114-1,
1719,Southwest 2-23-164-1,
1720,Valley-92-54-1,
1721,Newton 1-17-156-1,
1722,Southwest 2-23-192-1,
1723,Southwest 2-23-177-1,sports
1724,Newton 2-23-92-2,sports
1725,Newton 1-17-234-2,
1726,Newton 1-17-232-1,
1727,Northeast-20-286-2,
1728,Olympic-12-138-2,volunteer
1729,Northeast-20-303-1,
1730,Newton 1-17-231-1,
1731,Newton 1-17-243-2,
1732,Foothill-14-380-1,
1733,CPHBRE-0-110-1,
1734,Foothill-14-440-1,
1735,Northeast-20-271-2,
1736,Mission-14-325-1,"sports, volunteer"
1737,FGSEARE-0-89-1,
1738,Newton 2-23-175-1,volunteer
1739,Northeast-20-10-3,
1740,Southwest 2-23-156-1,study
1741,Mission-14-316-1,other
1742,Northeast-20-130-3,
1743,Mission-14-322-1,
1744,Southwest 2-23-138-1,"sports, job"
1745,Foothill-14-433-2,church
1746,Mission-14-321-1,
1747,Southwest 2-23-181-1,
1748,Northeast-20-18-3,
1749,Southwest 2-23-35-3,
1750,Hollenbeck 2-20-131-2,
1751,Hollenbeck 1-20-204-2,program
1752,Southwest 2-23-166-1,
1753,Southeast 2-20-213-2,hygiene
1754,Southwest 2-23-175-1,
1755,Southwest 2-23-90-2,sports
1756,Northeast-20-305-1,
1757,Newton 2-23-274-1,program
1758,Hollywood-12-71-1,"job, selfimprovement"
1759,Southeast 2-20-212-2,hygiene
1760,Southwest 2-23-139-1,"program, study, sports"
1761,Northeast-20-231-2,sports
1762,Northeast-20-156-3,
1763,77th 1-16-100-1,
1764,Mission-14-326-1,church
1765,77th 1-16-110-1,
1766,Newton 1-17-56-2,
1767,Mission-14-328-1,church
1768,Devonshire-Topanga-11-152-1,
1769,Newton 1-17-227-1,
1770,Southwest 2-23-178-1,"program, sports"
1771,Foothill-14-451-1,sports
1772,Newton 1-17-225-1,
1773,Foothill-14-310-2,volunteer
1774,Newton 1-17-230-1,
1775,Southwest 2-23-168-1,program
1776,Newton 2-23-277-1,program
1777,Harbor-21-214-1,
1778,Northeast-20-275-4,study
1779,Hollenbeck 1-20-147-2,sports
1780,Northeast-20-294-2,church
1781,Northeast-20-276-2,study
1782,Northeast-20-268-2,
1783,Mission-14-327-1,job
1784,Southeast 2-20-106-2,hygiene
1785,77th 1-16-96-1,program
1786,Harbor-21-215-1,church
1787,Newton 2-23-276-1,program
1788,Newton 1-17-242-2,
1789,77th 1-16-112-1,
1790,Foothill-14-449-1,
1791,Southeast 1-22-118-2,other
1792,Mission-14-317-1,other
1793,Southeast 2-20-220-1,hygiene
1794,Pacific-18-130-1,selfimprovement
1795,Valley-92-35-1,
1796,Southwest 2-23-169-1,program
1797,Newton 2-23-235-1,sports
1798,77th 1-16-99-1,
1799,Hollenbeck 1-20-199-3,self improvement
1800,Harbor-21-196-1,
1801,Hollenbeck 1-20-115-3,
1802,77th 1-16-111-1,
1803,Harbor-21-184-2,
1804,Rampart 1-12-529-1,
1805,Newton 1-17-226-1,sports
1806,Southwest 2-23-129-1,program
1807,Foothill-14-455-1,church
1808,Southeast 3-10-175-2,church
1809,Hollenbeck 1-20-80-3,
1810,Harbor-21-194-1,
1811,Foothill-14-463-1,
1812,Harbor-21-181-1,
1813,Rampart 1-12-578-1,job
1814,Foothill-14-175-2,
1815,77th 1-16-114-1,
1816,Rampart 1-12-560-2,job
1817,Devonshire-Topanga-11-160-1,
1818,Harbor-21-169-2,
1819,Southwest 1-15-350-2,program
1820,Devonshire-Topanga-11-162-1,
1821,Foothill-14-456-1,other
1822,Harbor-21-198-1,
1823,Newton 2-23-200-2,program
1824,Southwest 2-23-67-3,"study, sports"
1825,Newton 2-23-279-1,program
1826,Hollenbeck 2-20-50-3,sports
1827,Harbor-21-175-1,
1828,77th 1-16-113-1,
1829,Newton 2-23-218-1,sports
1830,Harbor-21-167-2,
1831,Harbor-21-160-2,church
1832,Devonshire-Topanga-11-158-1,program
1833,Harbor-21-189-2,
1834,Rampart 1-12-579-1,job
1835,Southwest 1-15-347-2,
1836,Devonshire-Topanga-11-154-1,
1837,Newton 2-23-227-1,program
1838,Southwest 1-15-346-2,
1839,Southwest 2-23-189-1,program
1840,Rampart 1-12-481-2,
1841,Harbor-21-168-2,
1842,Southwest 1-15-314-2,sports
1843,Southwest 1-15-375-2,
1844,Southwest 1-15-316-2,
1845,Southeast 2-20-235-2,hygiene
1846,77th 2-13-1411-1,
1847,BVCB-0-158-3,
1848,SSSEARE-0-88-2,
1849,Harbor-21-219-1,
1850,Hollenbeck 2-20-136-2,art
1851,Harbor-21-206-1,
1852,Harbor-21-205-1,
1853,Southeast 2-20-217-1,hygiene
1854,Harbor-21-199-1,
1855,Northeast-20-242-2,
1856,Southwest 1-15-319-2,sports
1857,Northeast-20-300-2,
1858,Northeast-20-326-2,selfimprovement
1859,Southeast 1-22-119-2,church
1860,Harbor-21-203-1,
1861,SSSEARE-0-105-1,
1862,Southwest 1-15-349-2,sports
1863,Southwest 1-15-355-2,sports
1864,Newton 1-17-116-2,
1865,Harbor-21-207-1,
1866,Newton 2-23-266-1,sports
1867,Hollenbeck 1-20-177-2,
1868,Harbor-21-176-2,
1869,Northeast-20-263-3,
1870,Harbor-21-209-1,
1871,Southwest 1-15-366-2,
1872,Southwest 1-15-360-2,
1873,Hollenbeck 1-20-188-2,program
1874,Foothill-14-467-1,
1875,Northeast-20-298-2,church
1876,Northeast-20-334-1,church
1877,Newton 2-23-247-1,
1878,Northeast-20-279-2,
1879,Newton 2-23-210-1,sports
1880,Foothill-14-473-1,
1881,Harbor-21-217-1,other
1882,Southeast 1-22-137-2,
1883,Southeast 2-20-226-1,hygiene
1884,Southeast 2-20-225-1,hygiene
1885,Mission-14-335-1,
1886,Rampart 1-12-587-1,job
1887,CPHBRE-0-121-1,
1888,CPHBRE-0-123-1,
1889,Northeast-20-269-2,
1890,Hollywood-12-37-2,sports
1891,Hollenbeck 2-20-143-2,selfimprovement
1892,Hollenbeck 1-20-183-2,program
1893,Hollenbeck 1-20-205-2,
1894,Rampart 1-12-586-1,job
1895,Southwest 1-15-380-2,study
1896,Northeast-20-211-2,volunteer
1897,Newton 2-23-129-2,
1898,Foothill-14-460-1,
1899,Newton 1-17-252-2,
1900,Newton 2-23-219-1,volunteer
1901,Hollenbeck 3-20-193-2,volunteer
1902,Southwest 2-23-193-1,program
1903,Hollenbeck 1-20-214-2,
1904,Rampart 1-12-535-2,job
1905,Newton 1-17-190-2,sports
1906,Southwest 1-15-352-2,
1907,Northeast-20-297-2,
1908,Southwest 1-15-298-1,"study, job"
1909,Southwest 2-23-202-1,"sports, job"
1910,CPHBRE-0-122-1,
1911,Newton 2-23-113-2,
1912,Southwest 1-15-308-3,
1913,Valley-92-50-1,
1914,FGSEARE-0-93-1,
1915,Newton 1-17-59-2,sports
1916,Foothill-14-472-1,
1917,Newton 2-23-249-1,
1918,Northeast-20-173-2,
1919,Mission-14-344-1,
1920,Hollywood-12-81-2,sports
1921,Mission-14-313-1,
1922,Southwest 1-15-384-2,other
1923,Northeast-20-295-2,
1924,Hollywood-12-61-3,
1925,Foothill-14-468-1,
1926,Newton 1-17-289-1,
1927,Newton 2-23-287-1,sports
1928,SSSEARE-0-107-1,
1929,Newton 2-23-286-1,sports
1930,Northeast-20-308-1,sports
1931,Devonshire-Topanga-11-165-1,
1932,Mission-14-254-2,
1933,Mission-14-216-2,
1934,Foothill-14-410-1,
1935,Newton 2-23-248-1,
1936,Valley-92-46-1,
1937,Southeast 2-20-270-1,hygiene
1938,Northeast-20-249-2,
1939,Hollenbeck 1-20-218-2,program
1940,Newton 1-17-291-1,
1941,Northeast-20-313-2,
1942,Newton 2-23-258-1,
1943,Rampart 1-12-592-1,job
1944,Newton 2-23-291-1,sports
1945,Newton 2-23-256-1,program
1946,Southeast 2-20-236-2,hygiene
1947,Newton 2-23-253-1,"sports, entertainment"
1948,Northeast-20-314-2,church
1949,Mission-14-256-1,
1950,Southwest 1-15-304-3,
1951,Newton 2-23-220-1,
1952,Northeast-20-350-1,
1953,Newton 2-23-245-1,other
1954,Mission-14-337-1,job
1955,Mission-14-346-1,
1956,Mission-14-345-1,Sports
1957,Southwest 2-23-205-1,program
1958,Hollenbeck 1-20-49-3,
1959,Southwest 1-15-377-2,
1960,Rampart 1-12-576-1,
1961,Hollenbeck 1-20-212-3,volunteer
1962,FGSEARE-0-91-1,
1963,Southwest 1-15-381-2,family
1964,BVCB-0-235-3,
1965,Foothill-14-461-1,
1966,Hollenbeck 1-20-182-3,
1967,Mission-14-224-1,
1968,Devonshire-Topanga-11-146-1,
1969,Hollenbeck 1-20-223-2,selfimprovement
1970,Devonshire-Topanga-11-117-1,sports
1971,Southwest 2-23-174-1,study
1972,Southwest 2-23-160-1,"study, sports"
1973,FGSEARE-0-89-1,other
1974,Newton 2-23-280-1,sports
1975,Devonshire-Topanga-11-119-1,
1976,Devonshire-Topanga-11-108-1,
1977,Devonshire-Topanga-11-114-1,job
1978,Southwest 2-23-184-1,study
1979,Rampart 1-12-591-1,job
1980,Southwest 2-23-176-1,study
1981,Northeast-20-294-2,
1982,Southwest 2-23-128-2,study
1983,Northeast-20-284-2,
1984,Hollenbeck 3-20-249-1,sports
1985,Devonshire-Topanga-11-115-1,art
1986,Mission-14-370-1,
1987,Mission-14-367-1,other
1988,Mission-14-371-1,
1989,Devonshire-Topanga-11-125-1,sports
1990,Southeast 2-20-280-1,sports
1991,Mission-14-342-1,
1992,Southwest 2-23-181-1,"study, entertainment"
1993,Devonshire-Topanga-11-133-1,sports
1994,Southeast 2-20-282-1,selfimprovement
1995,Southeast 2-20-283-1,job
1996,Newton 2-23-272-1,sports
1997,Southwest 2-23-96-1,
1998,Newton 2-23-257-1,sports
1999,Foothill-14-444-1,study
2000,Devonshire-Topanga-11-172-1,study
2001,Hollenbeck 3-20-140-2,
2002,Devonshire-Topanga-11-135-2,
2003,Hollenbeck 1-20-219-2,
2004,Southwest 2-23-172-1,"sports, entertainment"
2005,Valley-92-55-1,
2006,Hollenbeck 1-20-78-3,sports
2007,Hollenbeck 2-20-210-2,program
2008,Devonshire-Topanga-11-131-1,
2009,Hollenbeck 1-20-244-1,
2010,Southwest 1-15-390-2,sports
2011,Southeast 3-10-141-2,church
2012,Hollenbeck 2-20-10-3,
2013,Newton 2-23-229-1,
2014,Hollenbeck 1-20-191-2,
2015,Hollenbeck 3-20-212-2,study
2016,Hollenbeck 1-20-243-1,
2017,Hollenbeck 1-20-217-2,sports
2018,Southwest 2-23-192-1,selfimprovement
2019,NHSEA-0-299-4,
2020,Hollenbeck 2-20-201-2,
2021,Newton 2-23-181-1,program
2022,Pacific-18-263-1,"sefimprovement, therapy"
2023,Hollenbeck 1-20-21-3,program
2024,77th 3-20-313-2,
2025,77th 3-20-324-1,
2026,Mission-14-372-1,
2027,Mission-14-373-1,
2028,Southwest 1-15-322-2,
2029,Newton 1-23-321-1,
2030,Southeast 2-20-281-1,
2031,Rampart 1-12-563-1,
2032,Hollenbeck 1-20-166-2,
2033,Valley-92-32-1,volunteer
2034,BVCB-0-225-3,job
2035,Southeast 2-20-252-1,job
2036,Southeast 2-20-290-1,job
2037,Hollenbeck 1-20-193-2,
2038,77th 3-20-270-2,sports
2039,77th 3-20-273-2,
2040,Hollenbeck 3-20-208-2,sports
2041,77th 3-20-106-2,study
2042,77th 3-20-274-2,sports
2043,Pacific-18-132-1,church
2044,Hollenbeck 2-20-192-2,
2045,Hollenbeck 3-20-199-2,study
2046,Hollenbeck 1-20-213-2,
2047,BVCB-0-192-5,
2048,Hollenbeck 1-20-104-3,
2049,Hollenbeck 1-20-106-3,
2050,Rampart 1-12-604-1,job
2051,Rampart 1-12-603-1,job
2052,Hollenbeck 2-20-31-3,program
2053,Hollenbeck 2-20-169-2,program
2054,Southwest 1-15-370-2,therapy
2055,Southwest 1-15-301-2,
2056,Southwest 1-15-374-2,selfimprovement
2057,Hollenbeck 1-20-76-3,
2058,Hollenbeck 2-20-200-2,
2059,77th 1-16-226-1,
2060,Hollenbeck 2-20-199-2,
2061,Southwest 1-15-391-2,
2062,Hollenbeck 2-20-202-2,
2063,Hollenbeck 1-20-47-3,job
2064,Southeast 2-20-284-1,
2065,Foothill-14-411-1,
2066,Devonshire-Topanga-11-105-2,
2067,Rampart 2-12-323-1,
2068,Hollenbeck 3-20-240-2,
2069,Hollenbeck 2-20-183-2,
2070,77th 3-20-228-1,study
2071,Hollenbeck 3-20-260-1,
2072,Hollenbeck 1-20-131-3,
2073,Hollenbeck 3-20-259-1,
2074,Hollenbeck 1-20-256-1,other
2075,Hollenbeck 3-20-222-2,"sports, entertainment"
2076,Hollenbeck 3-20-231-2,sports
2077,Devonshire-Topanga-11-100-2,
2078,Devonshire-Topanga-11-143-1,
2079,Devonshire-Topanga-11-123-1,church
2080,Hollenbeck 3-20-105-3,church
2081,Southeast 2-20-293-2,
2082,Southeast 2-20-294-2,job
2083,Newton 2-23-290-1,program
2084,Southeast 2-20-295-2,
2085,Southwest 2-23-204-1,study
2086,Hollenbeck 1-20-242-2,
2087,Hollenbeck 1-20-257-1,
2088,Mission-14-323-1,
2089,77th 3-20-254-1,study
2090,Newton 1-23-308-1,
2091,Newton 1-23-309-1,
2092,77th 3-20-139-3,
2093,Hollenbeck 3-20-257-1,
2094,77th 1-16-222-1,
2095,Rampart 1-12-491-3,
2096,Mission-14-365-1,therapy
2097,77th 3-20-234-2,
2098,Harbor-21-227-1,
2099,Harbor-21-224-1,
2100,Harbor-21-225-1,
2101,Hollenbeck 1-20-239-2,
2102,Southwest 2-23-125-2,sports
2103,Harbor-21-223-1,
2104,77th 3-20-310-1,
2105,Southwest 2-23-135-2,sports
2106,Southwest 2-23-219-1,sports
2107,Harbor-21-228-1,
2108,Southwest 2-23-97-2,sports
2109,Harbor-21-237-1,
2110,Southwest 2-23-225-1,sports
2111,Southwest 1-15-398-2,
2112,Hollenbeck 3-20-234-2,"study, sports, art"
2113,Harbor-21-220-1,
2114,Harbor-21-221-1,
2115,Southwest 2-23-220-1,sports
2116,Harbor-21-222-1,
2117,Hollenbeck 1-20-105-4,
2118,Harbor-21-230-1,
2119,Newton 2-23-276-1,program
2120,Newton 1-23-310-1,
2121,Rampart 2-12-382-1,
2122,Newton 2-23-274-1,program
2123,77th 1-16-219-1,volunteer
2124,Newton 1-23-307-1,job
2125,Harbor-21-226-1,
2126,Southwest 2-23-161-1,sports
2127,Southwest 1-15-393-2,sports
2128,Hollenbeck 3-20-263-1,
2129,Hollenbeck 3-20-243-2,
2130,Hollenbeck 3-20-255-2,other
2131,Hollenbeck 3-20-236-2,
2132,Harbor-21-231-1,
2133,Rampart 1-12-391-2,
2134,77th 1-16-229-1,volunteer
2135,Hollenbeck 3-20-247-2,other
2136,Rampart 2-12-383-1,study
2137,Hollenbeck 3-20-241-2,other
2138,Hollenbeck 3-20-219-2,church
2139,Rampart 2-12-322-2,
2140,77th 1-16-223-1,volunteer
2141,Southwest 1-15-337-2,
2142,NHSEA-0-337-4,
2143,Foothill-14-377-1,
2144,77th 1-16-241-1,
2145,77th 3-20-298-1,sports
2146,77th 1-16-230-1,volunteer
2147,Hollenbeck 2-20-187-2,
2148,Hollenbeck 1-20-249-2,
2149,Valley-92-49-1,sports
2150,Southeast 2-20-311-2,job
2151,Newton 2-23-293-1,
2152,Southwest 1-15-348-3,sports
2153,Southwest 1-15-338-2,family
2154,Hollenbeck 3-20-262-1,
2155,77th 1-16-218-1,
2156,Southeast 2-20-309-1,
2157,77th 1-16-242-1,
2158,77th 1-16-240-1,
2159,77th 1-16-238-1,sports
2160,Southeast 3-10-178-2,
2161,Rampart 1-12-602-1,job
2162,Harbor-21-229-1,
2163,Foothill-14-485-1,family
2164,Hollenbeck 2-20-158-3,"family, selfimprovement"
2165,Southwest 1-15-397-2,sports
2166,Southwest 1-15-387-2,
2167,BVCB-0-194-3,job
2168,Southwest 2-23-158-1,sports
2169,Hollenbeck 2-20-143-2,
2170,Hollenbeck 3-20-233-2,other
2171,Hollenbeck 3-20-267-1,art
2172,77th 1-16-224-1,
2173,Southwest 1-15-336-2,
2174,Hollenbeck 2-20-45-2,
2175,Newton 2-23-228-1,
2176,77th 2-13-1383-2,study
2177,Hollenbeck 3-20-268-1,art
2178,77th 1-16-234-1,
2179,Olympic-25-24-1,
2180,77th 1-16-236-1,
2181,Foothill-14-378-1,
2182,77th 1-16-235-1,
2183,Hollenbeck 1-20-230-2,
2184,Hollenbeck 1-20-147-3,
2185,77th 2-13-1382-2,
2186,Hollenbeck 3-20-232-2,entertainment
2187,77th 2-13-1384-2,sports
2188,Hollenbeck 3-20-160-3,
2189,Foothill-14-380-1,
2190,Valley-92-42-1,
2191,Hollenbeck 1-20-2-3,
2192,Hollenbeck 2-20-165-2,volunteer
2193,Southwest 2-23-211-1,sports
2194,Southwest 2-23-133-2,other
2195,Southwest 2-23-132-2,sports
2196,77th 1-16-239-1,
2197,Southwest 2-23-191-1,sports
2198,Harbor-21-235-1,
2199,Harbor-21-233-1,
2200,Newton 2-23-260-2,program
2201,Olympic-25-31-1,
2202,Newton 2-23-261-2,selfimprovement
2203,Newton 1-23-332-1,
2204,Harbor-21-236-1,
2205,Harbor-21-232-1,
2206,Southwest 1-15-334-2,sports
2207,Harbor-21-234-1,
2208,77th 1-16-243-1,
2209,Hollenbeck 3-20-246-2,"sports, entertainment"
2210,Foothill-14-389-1,"art, study"
2211,Olympic-25-18-1,
2212,77th 1-16-233-1,
2213,Hollenbeck 3-20-264-1,other
2214,Harbor-21-238-1,
2215,Harbor-21-242-1,
2216,77th 1-16-237-1,
2217,Newton 2-23-69-2,job
2218,Olympic-25-12-1,
2219,Southwest 2-23-90-2,sports
2220,Newton 2-23-309-1,program
2221,Hollenbeck 3-20-275-1,
2222,77th 3-20-334-1,art
2223,Foothill-14-450-1,church
2224,Newton 2-23-310-1,program
2225,77th 3-20-140-2,
2226,NHSEA-0-117-4,
2227,77th 1-16-245-1,sports
2228,Hollenbeck 2-20-71-3,other
2229,Southwest 2-23-241-1,family
2230,Hollenbeck 3-20-276-1,"entertainment, sports"
2231,Southwest 2-23-213-1,art
2232,Hollenbeck 1-20-199-3,
2233,Olympic-25-25-1,
2234,Olympic-25-15-1,
2235,Southwest 2-23-222-1,sports
2236,Southwest 2-23-231-1,sports
2237,Rampart 1-12-570-2,
2238,Southwest 2-23-230-1,sports
2239,Southwest 2-23-232-1,sports
2240,Foothill-14-349-3,
2241,Southwest 1-15-304-3,
2242,Foothill-14-350-3,
2243,Hollenbeck 1-20-228-2,
2244,Hollenbeck 3-20-229-2,
2245,Hollenbeck 1-20-226-2,
2246,Harbor-21-246-1,
2247,Harbor-21-245-1,
2248,Hollenbeck 3-20-245-2,
2249,77th 1-16-232-1,
2250,BVCB-0-235-3,sports
2251,Harbor-21-249-1,
2252,Hollenbeck 1-20-85-3,sports
2253,Foothill-14-490-1,
2254,Hollenbeck 1-20-356-3,sports
2255,Harbor-21-241-1,
2256,Hollenbeck 1-20-255-2,
2257,Rampart 1-12-531-2,
2258,Foothill-14-493-1,
2259,Hollenbeck 1-20-186-2,
2260,Northeast-25-1-1,sports
2261,Hollenbeck 3-20-205-3,church
2262,Hollenbeck 3-20-265-1,art
2263,Hollenbeck 3-20-3-4,
2264,Foothill-14-479-1,
2265,Southwest 1-15-377-2,job
2266,Valley-92-52-1,
2267,Southwest 1-15-402-2,job
2268,Hollenbeck 3-20-277-1,
2269,Newton 1-17-301-2,
2270,Southwest 1-15-352-2,
2271,Mission-14-326-1,
2272,Foothill-14-437-1,
2273,Olympic-25-16-1,other
2274,Hollenbeck 1-20-236-2,
2275,Northeast-25-2-1,sports
2276,Harbor-21-239-1,job
2277,Olympic-25-20-1,
2278,NHSEA-0-244-3,
2279,Hollenbeck 1-20-215-2,
2280,Olympic-25-9-1,
2281,Hollenbeck 2-20-149-2,program
2282,Hollenbeck 2-20-169-2,program
2283,Southeast 2-20-316-1,
2284,Southeast 2-20-312-1,
2285,Northeast-25-3-1,sports
2286,Mission-14-342-1,
2287,Hollenbeck 2-20-31-3,program
2288,Harbor-21-247-1,
2289,Hollenbeck 2-20-190-3,sports
2290,Harbor-21-250-1,
2291,Northeast-25-7-1,volunteer
2292,Hollenbeck 2-20-214-2,program
2293,Olympic-25-23-1,
2294,Southwest 2-23-93-2,sports
2295,Hollenbeck 3-20-228-2,
2296,Harbor-21-253-1,
2297,Hollenbeck 1-20-184-2,
2298,Hollenbeck 2-20-148-2,
2299,Newton 1-17-254-2,study
2300,BHSEA-2-107-4,
2301,Newton 1-17-260-2,sports
2302,Hollenbeck 1-20-76-3,
2303,BVCB-0-76-4,
2304,NHSEA-0-357-3,
2305,Hollenbeck 2-20-229-1,
2306,Southwest 2-23-143-2,selfimprovement
2307,Hollenbeck 2-20-139-2,program
2308,Hollenbeck 2-20-131-2,
2309,Hollenbeck 1-20-374-1,
2310,Newton 2-23-315-1,
2311,Southwest 1-15-375-2,
2312,Newton 1-17-199-2,
2313,Southwest 1-15-347-2,sports
2314,Newton 2-23-251-1,
2315,Southwest 1-15-346-2,sports
2316,Hollenbeck 2-20-161-2,
2317,Hollenbeck 2-20-202-2,program
2318,Hollenbeck 2-20-171-2,sports
2319,Hollenbeck 2-20-227-1,
2320,Olympic-25-50-1,
2321,Rampart 1-12-418-3,
2322,Northeast-25-16-1,study
2323,Northeast-25-6-1,
2324,Olympic-25-49-1,
2325,Hollenbeck 2-20-216-2,
2326,Newton 1-23-319-1,job
2327,Hollenbeck 3-20-122-4,
2328,77th 3-20-338-1,other
2329,Northeast-25-15-1,study
2330,Northeast-25-4-1,sports
2331,Hollenbeck 1-20-227-2,sports
2332,Newton 2-23-262-2,program
2333,Southwest 2-23-98-1,sports
2334,Newton 2-23-244-1,
2335,Hollenbeck 2-20-134-3,
2336,Hollenbeck 1-20-44-3,
2337,Newton 1-23-320-1,sports
2338,Northeast-25-14-1,
2339,Pacific-18-123-2,other
2340,Newton 2-23-224-1,
2341,Hollenbeck 2-20-50-3,sports
2342,Foothill-14-378-1,
2343,Southwest 2-23-158-1,sports
2344,Hollenbeck 2-20-93-3,
2345,Newton 1-17-276-2,volunteer
2346,Southwest 1-15-372-3,sports
2347,Newton 1-17-257-2,
2348,Newton 1-17-272-2,
2349,Olympic-25-53-1,
2350,Pacific-18-232-2,therapy
2351,Harbor-21-260-1,
2352,Hollenbeck 2-20-67-4,program
2353,Harbor-21-240-1,family
2354,Hollenbeck 1-20-368-2,
2355,Harbor-21-248-1,
2356,Northeast-25-26-1,sports
2357,Northeast-25-25-1,Sports
2358,Foothill-14-506-1,church
2359,Newton 1-17-235-3,
2360,Harbor-21-244-1,
2361,Southeast 2-20-331-1,
2362,Northeast-25-24-1,church
2363,Newton 1-23-325-1,sports
2364,Southeast 2-20-338-1,family
2365,Foothill-14-499-1,
2366,Southeast 2-20-333-1,
2367,Newton 1-23-317-1,sports
2368,Newton 1-23-313-1,
2369,Newton 1-23-316-1,
2370,Southeast 1-24-14-1,job
2371,Newton 1-23-314-1,
2372,Harbor-21-252-1,
2373,Harbor-21-251-1,
2374,Olympic-25-59-1,
2375,Devonshire-Topanga-11-188-1,
2376,Southeast 2-20-336-1,
2377,Hollenbeck 2-20-136-2,art
2378,Southeast 2-20-325-1,sports
2379,Rampart 1-12-518-1,
2380,Devonshire-Topanga-11-180-1,
2381,Southeast 2-20-268-1,
2382,Southeast 2-20-328-1,sports
2383,Southeast 2-20-326-1,
2384,Southeast 2-20-313-1,
2385,Southeast 2-20-337-1,
2386,Olympic-25-14-1,
2387,Hollenbeck 2-20-231-2,sports
2388,Newton 1-17-159-3,
2389,Harbor-21-257-1,
2390,Southeast 2-20-329-1,
2391,Newton 1-23-335-1,
2392,Hollenbeck 1-20-260-2,sports
2393,Olympic-25-58-1,
2394,Southwest 2-23-183-1,sports
2395,Hollenbeck 3-20-298-1,church
2396,Newton 1-23-331-1,
2397,Newton 1-23-318-1,
2398,Newton 2-23-308-1,
2399,Harbor-21-258-1,
2400,Hollenbeck 2-20-224-2,sports
2401,Southeast 3-10-176-2,study
2402,Harbor-21-259-1,
2403,Devonshire-Topanga-11-177-1,
2404,Harbor-21-256-1,
2405,Harbor-21-255-1,
2406,Harbor-21-501-1,
2407,Foothill-14-512-1,
2408,Harbor-21-254-1,
2409,Hollenbeck 2-20-199-2,study
2410,Olympic-25-54-2,
2411,Hollenbeck 1-20-177-3,
2412,Newton 2-23-299-1,
2413,Devonshire-Topanga-11-186-1,
2414,Harbor-21-502-1,
2415,Southeast 1-24-10-1,job
2416,Newton 2-23-320-1,program
2417,Newton 2-23-330-1,"volunteer, program"
2418,Southeast 1-24-15-1,
2419,Olympic-25-52-1,
2420,Southeast 1-24-3-1,sports
2421,Hollenbeck 2-20-180-2,program
2422,Hollenbeck 2-20-200-2,
2423,Hollenbeck 2-20-192-2,program
2424,Southwest 1-15-290-2,study
2425,Southeast 3-10-222-1,
2426,Newton 2-23-321-1,"job, family"
2427,Northeast-20-314-3,other
2428,Southeast 2-20-348-1,
2429,Southeast 2-20-347-1,
2430,NHSEA-0-222-5,program
2431,Southeast 2-20-344-1,
2432,Hollywood-12-119-2,sports
2433,Olympic-25-67-1,
2434,Devonshire-Topanga-11-181-1,
2435,Newton 2-23-263-1,
2436,Olympic-25-13-1,
2437,Newton 2-23-290-1,other
2438,Foothill-14-388-1,
2439,Southeast 2-20-236-2,
2440,Southeast 2-20-174-2,
2441,Northeast-25-5-1,volunteer
2442,Hollenbeck 1-20-86-3,
2443,Southwest 2-23-179-1,sports
2444,Newton 2-23-319-1,therapy
2445,Northeast-25-34-1,
2446,Southwest 1-15-384-2,job
2447,Olympic-25-68-1,
2448,Devonshire-Topanga-11-183-1,
2449,Newton 2-23-335-1,sports
2450,Southwest 2-23-243-1,sports
2451,Southwest 2-23-169-1,sports
2452,Southwest 1-15-381-2,
2453,Harbor-21-243-1,
2454,Northeast-25-27-1,
2455,NHSEA-0-348-3,
2456,Rampart 2-23-321-1,art
2457,Northeast-25-42-1,art
2458,Devonshire-Topanga-11-192-1,study
2459,Northeast-25-40-1,sports
2460,Devonshire-Topanga-11-156-2,
2461,Rampart 2-23-302-1,selfimprovement
2462,77th 2-13-1490-1,volunteer
2463,NHSEA-0-227-4,
2464,Southwest 2-23-178-1,sports
2465,Hollenbeck 1-20-243-1,family
2466,77th 2-13-1484-1,
2467,Southwest 1-15-414-1,job
2468,77th 2-13-1489-1,
2469,Northeast-25-41-1,sports
2470,Rampart 2-23-319-1,
2471,77th 3-20-186-3,
2472,Rampart 2-23-325-1,
2473,Harbor-21-267-1,
2474,Southwest 2-23-251-1,sports
2475,Southwest 2-23-249-1,sports
2476,Harbor-21-266-1,study
2477,Southwest 2-23-259-1,
2478,Newton 2-23-278-1,program
2479,Southwest 1-15-319-2,job
2480,Southwest 2-23-253-1,spports
2481,Southwest 2-23-254-1,sports
2482,Hollenbeck 2-20-10-3,selfimprovement
2483,Hollenbeck 3-20-266-2,sports
2484,Northeast-25-39-1,
2485,Northeast-25-38-1,
2486,Southeast 1-24-8-1,
2487,Northeast-25-44-1,program
2488,Newton 2-23-287-1,other
2489,Hollenbeck 1-20-384-1,
2490,Rampart 2-23-317-1,
2491,Devonshire-Topanga-11-152-2,
2492,Hollenbeck 1-20-160-3,sports
2493,Foothill-14-449-1,
2494,Newton 2-23-279-1,job
2495,Southeast 1-24-37-1,
2496,Southwest 1-15-390-2,job
2497,Rampart 2-23-309-1,
2498,Hollenbeck 2-20-201-2,
2499,Rampart 2-23-327-1,
2500,Southwest 1-15-316-2,
2501,Hollenbeck 3-20-191-2,art
2502,Hollenbeck 1-20-104-3,
2503,Southwest 1-15-387-2,
2504,Southwest 1-15-398-2,other
2505,Hollenbeck 1-20-253-2,
2506,77th 3-20-363-1,entertainment
2507,Rampart 1-12-613-1,job
2508,Hollenbeck 3-20-202-2,
2509,Rampart 1-12-620-1,
2510,Southwest 1-15-350-2,job
2511,77th 1-16-259-1,sports
2512,Harbor-21-269-1,
2513,Rampart 1-12-618-1,job
2514,NHSEA-0-299-4,
2515,Foothill-14-380-1,sports
2516,Harbor-21-262-1,
2517,Olympic-25-80-1,
2518,Harbor-21-263-1,
2519,Harbor-21-261-1,
2520,Newton 2-23-286-1,volunteer
2521,Hollenbeck 1-20-266-2,
2522,Hollenbeck 1-20-254-2,
2523,Harbor-21-264-1,
2524,Southwest 2-23-266-1,sports
2525,Newton 2-23-312-1,
2526,Newton 2-23-313-1,volunteer
2527,Rampart 1-12-536-1,job
2528,Northeast-25-45-2,other
2529,Newton 1-23-343-1,
2530,BHSEA-2-109-2,
2531,BVCB-0-225-3,
2532,Hollenbeck 3-20-240-2,sports
2533,Hollenbeck 3-20-253-2,art
2534,Newton 2-23-258-1,
2535,Southwest 1-15-348-3,"study, job"
2536,Hollenbeck 3-20-251-2,"art, sports"
2537,BVCB-0-88-4,
2538,Harbor-21-268-1,
2539,Hollenbeck 1-20-245-2,
2540,Foothill-14-451-1,job
2541,Devonshire-Topanga-11-153-2,
2542,Southwest 2-23-263-1,sports
2543,Hollenbeck 3-20-199-2,other
2544,Devonshire-Topanga-11-187-1,
2545,Southwest 2-23-257-1,sports
2546,Rampart 1-12-617-1,
2547,Southwest 2-23-261-1,sports
2548,Devonshire-Topanga-11-147-2,
2549,Newton 2-23-291-1,job
2550,Hollenbeck 1-20-199-3,
2551,NHSEA-0-117-4,
2552,Southwest 2-23-260-1,sports
2553,Hollenbeck 1-20-368-2,program
2554,Hollenbeck 3-20-250-2,other
2555,Rampart 2-23-329-1,
2556,Devonshire-Topanga-11-162-1,
2557,Hollenbeck 3-20-169-3,job
2558,Southwest 2-23-96-1,sports
2559,Devonshire-Topanga-11-18-3,church
2560,Newton 2-23-326-1,
2561,Devonshire-Topanga-11-129-1,
2562,Devonshire-Topanga-11-117-2,sports
2563,Hollenbeck 1-20-102-4,
2564,Hollenbeck 1-20-263-2,
2565,Foothill-14-411-1,
2566,Southwest 2-23-267-1,
2567,Olympic-25-78-1,
2568,Southwest 2-23-255-1,sports
2569,BVCB-0-192-5,selfimprovement
2570,Devonshire-Topanga-11-120-2,sports
2571,Olympic-25-73-1,
2572,Newton 1-23-355-1,
2573,Newton 1-23-351-1,other
2574,Harbor-21-234-1,
2575,Southwest 2-23-265-1,sports
2576,Hollenbeck 1-20-228-2,selfimprovement
2577,Harbor-21-221-1,
2578,Southwest 2-23-81-2,church
2579,Southwest 1-15-301-3,
2580,Harbor-21-224-1,
2581,Southwest 1-15-338-2,
2582,Southwest 2-23-79-3,church
2583,Harbor-21-226-1,
2584,Harbor-21-229-1,
2585,77th 2-13-1509-1,"sports, church, volunteer"
2586,77th 2-13-1508-1,"sports, church, volunteer"
2587,Southeast 1-24-46-1,
2588,Southeast 1-24-54-1,
2589,77th 2-13-1507-1,"sports, church, volunteer"
2590,77th 2-13-1506-1,"sports, church, volunteer"
2591,Rampart 1-12-625-1,
2592,Hollenbeck 1-20-248-2,sports
2593,Harbor-21-223-1,
2594,77th 2-13-1500-1,"sports, church, volunteer"
2595,77th 2-13-1502-1,"sports, church, volunteer"
2596,77th 2-13-1501-1,"sports, church, volunteer"
2597,77th 2-13-1503-1,"sports, church, volunteer"
2598,77th 2-13-1504-1,"study, church, volunteer"
2599,77th 2-13-1505-1,"sports, church, volunteer"
2600,Rampart 2-23-351-1,sports
2601,Foothill-14-516-1,"sports, study"
2602,Southeast 3-10-229-1,"sports, church, volunteer"
2603,Southeast 3-10-302-1,"study, sports"
2604,Southeast 3-10-312-1,selfimprovement
2605,Southeast 3-10-301-1,"sports, church, volunteer"
2606,Foothill-14-519-1,
2607,Foothill-14-515-1,
2608,Southeast 3-10-303-1,"sports, church, volunteer"
2609,Southeast 3-10-306-1,"sports, church "
2610,Devonshire-Topanga-11-168-2,
2611,Newton 2-23-341-1,job
2612,77th 2-13-1384-2,sports
2613,Southeast 3-10-308-1,"sports, church, volunteer"
2614,Southeast 3-10-304-1,church
2615,Southeast 3-10-307-1,sports
2616,Devonshire-Topanga-11-193-1,
2617,Southeast 3-10-305-1,church
2618,Harbor-21-228-1,
2619,Southwest 1-15-393-2,
2620,77th 2-13-1382-2,sports
2621,Southeast 3-10-314-1,volunteer
2622,Southwest 2-23-125-2,sports
2623,Harbor-21-238-1,
2624,Hollenbeck 1-20-244-1,
2625,77th 2-13-1383-2,study
2626,Harbor-21-237-1,
2627,Rampart 1-12-619-1,
2628,Harbor-21-235-1,
2629,Hollenbeck 1-20-250-2,
2630,Northeast-25-48-1,church
2631,Southeast 3-10-309-1,
2632,Southeast 3-10-310-1,
2633,Southeast 3-10-311-1,
2634,Northeast-25-43-1,church
2635,Northeast-25-46-1,
2636,Hollenbeck 1-20-217-2,sports
2637,Rampart 2-23-344-1,
2638,Hollenbeck 2-20-221-2,program
2639,Southwest 2-23-268-1,sports
2640,Southwest 2-23-258-1,
2641,Harbor-21-242-1,
2642,Southeast 1-24-65-1,other
2643,Newton 2-23-331-1,"study, program"
2644,Hollenbeck 1-20-387-2,
2645,Southwest 2-23-270-1,study
2646,Foothill-14-526-1,
2647,BVCB-0-126-3,sports
2648,Harbor-21-220-1,
2649,Newton 1-23-356-1,other
2650,Southeast 2-20-290-1,hygiene
2651,Hollenbeck 3-20-257-1,"art, entertainment"
2652,Newton 2-23-200-2,
2653,Northeast-25-49-1,sports
2654,Southeast 1-24-66-1,selfimprovement
2655,Southeast 1-24-60-2,selfimprovement
2656,Foothill-14-410-1,
2657,Foothill-14-481-2,
2658,Southwest 1-15-360-3,
2659,Southeast 1-24-64-1,
2660,Foothill-14-528-1,
2661,BVCB-0-114-4,selfimprovement
2662,Southwest 2-23-103-1,sports
2663,Hollenbeck 1-20-105-4,
2664,Olympic-25-86-1,
2665,Newton 2-23-346-1,"program, volunteer"
2666,Hollenbeck 2-20-158-3,program
2667,Southwest 1-15-397-2,volunteer
2668,Foothill-14-522-1,
2669,Southeast 1-24-57-1,
2670,Rampart 2-23-360-1,
2671,Devonshire-Topanga-11-195-1,volunteer
2672,Southwest 2-23-272-1,sports
2673,Foothill-14-529-1,
2674,Hollenbeck 1-20-207-2,program
2675,Foothill-14-539-1,study
2676,Hollenbeck 2-20-222-2,job
2677,Foothill-14-527-1,volunteer
2678,Foothill-14-525-1,
2679,Southwest 1-15-375-2,sports
2680,Newton 1-23-350-1,
2681,Hollenbeck 1-20-371-2,program
2682,Southwest 2-23-273-1,study
2683,Southeast 2-20-311-2,hygiene
2684,Southwest 2-23-97-2,study
2685,Foothill-14-535-1,
2686,Harbor-21-240-1,femily
2687,Southwest 2-23-271-1,sports
2688,Southwest 2-23-135-2,study
2689,Rampart 2-23-362-1,
2690,Hollenbeck 1-20-131-4,
2691,Southeast 2-20-283-1,hygiene
2692,77th 3-20-325-2,
2693,Hollenbeck 1-20-373-2,
2694,Hollenbeck 2-20-82-3,program
2695,Hollywood-12-138-1,job
2696,Newton 1-23-362-1,
2697,Foothill-14-517-1,
2698,Foothill-14-536-1,church
2699,Hollenbeck 1-20-379-2,
2700,Southwest 2-23-219-1,sports
2701,Foothill-14-514-1,
2702,Southwest 2-23-202-1,sports
2703,Hollenbeck 1-20-149-3,
2704,Southwest 1-15-308-3,
2705,Harbor-21-239-1,job
2706,Southwest 1-15-337-2,job
2707,Hollenbeck 3-20-241-2,art
2708,Newton 1-23-364-1,sports
2709,Southwest 2-23-177-1,sports
2710,Foothill-14-432-2,
2711,Southwest 1-15-402-2,selfimprovement
2712,NHSEA-0-134-2,
2713,Southwest 1-15-322-2,family
2714,Southeast 1-24-55-1,
2715,Rampart 1-12-600-2,
2716,77th 3-20-349-1,job
2717,Foothill-14-175-2,sports
2718,77th 3-20-355-1,sports
2719,77th 3-20-369-1,
2720,Hollenbeck 3-20-272-2,
2721,77th 3-20-373-1,
2722,77th 3-20-345-2,sports
2723,Southeast 1-24-71-1,other
2724,Newton 2-23-310-1,"job, volunteer"
2725,77th 3-20-334-1,"study, selfimprovement"
2726,Southwest 2-23-193-1,program
2727,Newton 2-23-339-1,program
2728,Newton 1-17-276-2,
2729,Rampart 1-12-590-2,job
2730,Southeast 1-24-14-1,
2731,Foothill-14-474-2,
2732,Hollenbeck 3-20-270-2,
2733,Southwest 2-23-222-1,sports
2734,Hollenbeck 2-20-228-2,program
2735,Foothill-14-530-1,
2736,Southwest 2-23-281-1,
2737,Hollenbeck 3-20-264-1,entertainment
2738,Southwest 2-23-277-1,program
2739,Southeast 1-24-77-1,family
2740,77th 3-20-322-2,
2741,Southeast 1-24-82-1,family
2742,Southeast 1-24-80-1,other
2743,Southeast 1-24-79-1,sports
2744,Rampart 1-12-633-1,
2745,Northeast-25-7-1,volunteer
2746,Foothill-14-533-1,
2747,Northeast-25-70-2,sports
2748,Northeast-25-69-2,sports
2749,Rampart 1-12-391-3,
2750,Southeast 1-24-72-1,sports
2751,Northeast-25-68-2,family
2752,Southwest 2-23-279-1,other
2753,Northeast-25-26-1,sports
2754,Northeast-25-25-1,sports
2755,77th 3-20-290-2,job
2756,Hollenbeck 3-20-294-2,sports
2757,Hollenbeck 3-20-298-1,"art, entertainment"
2758,Southeast 1-24-85-1,
2759,Southwest 2-23-278-1,church
2760,Southwest 2-23-280-1,workout
2761,Northeast-25-64-1,sports
2762,Mission-14-413-1,volunteer
2763,77th 3-20-376-1,"sports, entertainment"
2764,Pacific-18-110-2,sports